"goal","dimension","region_id","score"
"AO","future",0,
"AO","future",1,
"AO","future",2,
"AO","future",3,
"AO","future",4,
"AO","future",5,
"AO","future",6,
"AO","future",7,
"AO","future",8,
"AO","future",9,
"AO","future",10,
"AO","future",11,
"AO","future",12,
"AO","future",13,
"AO","future",14,
"AO","future",15,
"AO","future",16,
"AO","future",17,
"AO","future",18,
"AO","future",19,
"AO","future",20,
"AO","future",21,
"AO","future",22,
"AO","future",23,
"AO","future",24,
"AO","future",25,
"AO","future",26,
"AO","future",27,
"AO","future",28,
"AO","future",29,
"AO","future",30,
"AO","future",31,
"AO","future",32,
"AO","future",33,
"AO","future",34,
"AO","future",35,
"AO","future",36,
"AO","future",37,
"AO","future",38,
"AO","future",39,
"AO","future",40,
"AO","future",41,
"AO","future",42,
"AO","pressures",1,11.21
"AO","pressures",2,14.14
"AO","pressures",3,14.18
"AO","pressures",4,16.21
"AO","pressures",5,11.08
"AO","pressures",6,14.13
"AO","pressures",7,14.1
"AO","pressures",8,16.26
"AO","pressures",9,14.12
"AO","pressures",10,16.16
"AO","pressures",11,12.7
"AO","pressures",12,15.76
"AO","pressures",13,17.93
"AO","pressures",14,12.71
"AO","pressures",15,15.73
"AO","pressures",16,25.74
"AO","pressures",17,24.16
"AO","pressures",18,24.41
"AO","pressures",19,37.09
"AO","pressures",20,12.68
"AO","pressures",21,24.6
"AO","pressures",22,37.1
"AO","pressures",23,24.88
"AO","pressures",24,26.41
"AO","pressures",25,20.63
"AO","pressures",26,12.81
"AO","pressures",27,26.42
"AO","pressures",28,20.22
"AO","pressures",29,12.7
"AO","pressures",30,12.11
"AO","pressures",31,20.6
"AO","pressures",32,12.97
"AO","pressures",33,38.16
"AO","pressures",34,21.67
"AO","pressures",35,11.08
"AO","pressures",36,10.14
"AO","pressures",37,11.4
"AO","pressures",38,10.08
"AO","pressures",39,11.49
"AO","pressures",40,6.57
"AO","pressures",41,11.5
"AO","pressures",42,6.57
"AO","resilience",1,87.29
"AO","resilience",2,84.15
"AO","resilience",3,84.15
"AO","resilience",4,83.63
"AO","resilience",5,87.29
"AO","resilience",6,84.15
"AO","resilience",7,84.15
"AO","resilience",8,83.63
"AO","resilience",9,84.15
"AO","resilience",10,83.63
"AO","resilience",11,87.29
"AO","resilience",12,84.15
"AO","resilience",13,83.63
"AO","resilience",14,87.29
"AO","resilience",15,84.15
"AO","resilience",16,79.82
"AO","resilience",17,77.1
"AO","resilience",18,77.1
"AO","resilience",19,57.91
"AO","resilience",20,87.29
"AO","resilience",21,77.1
"AO","resilience",22,57.91
"AO","resilience",23,77.95
"AO","resilience",24,75.61
"AO","resilience",25,78.39
"AO","resilience",26,87.29
"AO","resilience",27,75.61
"AO","resilience",28,78.39
"AO","resilience",29,87.29
"AO","resilience",30,88.81
"AO","resilience",31,78.39
"AO","resilience",32,88.81
"AO","resilience",33,57.91
"AO","resilience",34,78.39
"AO","resilience",35,87.29
"AO","resilience",36,88.81
"AO","resilience",37,87.29
"AO","resilience",38,88.81
"AO","resilience",39,87.29
"AO","resilience",40,79.82
"AO","resilience",41,87.29
"AO","resilience",42,79.82
"AO","score",0,75.05
"AO","score",1,20
"AO","score",2,20
"AO","score",3,27
"AO","score",4,27
"AO","score",5,20
"AO","score",6,20
"AO","score",7,
"AO","score",8,
"AO","score",9,70
"AO","score",10,70
"AO","score",11,76
"AO","score",12,76
"AO","score",13,76
"AO","score",14,84
"AO","score",15,84
"AO","score",16,84
"AO","score",17,84
"AO","score",18,
"AO","score",19,
"AO","score",20,100
"AO","score",21,100
"AO","score",22,100
"AO","score",23,100
"AO","score",24,100
"AO","score",25,100
"AO","score",26,20
"AO","score",27,50
"AO","score",28,50
"AO","score",29,100
"AO","score",30,100
"AO","score",31,100
"AO","score",32,60
"AO","score",33,
"AO","score",34,
"AO","score",35,95
"AO","score",36,95
"AO","score",37,80
"AO","score",38,80
"AO","score",39,67
"AO","score",40,67
"AO","score",41,80
"AO","score",42,80
"AO","status",0,
"AO","status",1,
"AO","status",2,
"AO","status",3,
"AO","status",4,
"AO","status",5,
"AO","status",6,
"AO","status",7,
"AO","status",8,
"AO","status",9,
"AO","status",10,
"AO","status",11,
"AO","status",12,
"AO","status",13,
"AO","status",14,
"AO","status",15,
"AO","status",16,
"AO","status",17,
"AO","status",18,
"AO","status",19,
"AO","status",20,
"AO","status",21,
"AO","status",22,
"AO","status",23,
"AO","status",24,
"AO","status",25,
"AO","status",26,
"AO","status",27,
"AO","status",28,
"AO","status",29,
"AO","status",30,
"AO","status",31,
"AO","status",32,
"AO","status",33,
"AO","status",34,
"AO","status",35,
"AO","status",36,
"AO","status",37,
"AO","status",38,
"AO","status",39,
"AO","status",40,
"AO","status",41,
"AO","status",42,
"AO","trend",1,-0.4
"AO","trend",2,-0.4
"AO","trend",3,-0.05
"AO","trend",4,-0.05
"AO","trend",5,-0.25
"AO","trend",6,-0.25
"AO","trend",7,
"AO","trend",8,
"AO","trend",9,
"AO","trend",10,
"AO","trend",11,0.8
"AO","trend",12,0.8
"AO","trend",13,0.8
"AO","trend",14,0.3
"AO","trend",15,0.3
"AO","trend",16,0.3
"AO","trend",17,0.3
"AO","trend",18,
"AO","trend",19,
"AO","trend",20,0.35
"AO","trend",21,0.35
"AO","trend",22,0.35
"AO","trend",23,0.35
"AO","trend",24,0.35
"AO","trend",25,0.35
"AO","trend",26,-0.05
"AO","trend",27,0.85
"AO","trend",28,0.85
"AO","trend",29,-0.3
"AO","trend",30,-0.3
"AO","trend",31,-0.3
"AO","trend",32,0.85
"AO","trend",33,
"AO","trend",34,
"AO","trend",35,0.65
"AO","trend",36,0.65
"AO","trend",37,0.3
"AO","trend",38,0.3
"AO","trend",39,0.15
"AO","trend",40,0.15
"AO","trend",41,0.55
"AO","trend",42,0.55
"BD","future",0,96.15
"BD","future",1,95.82
"BD","future",2,94.86
"BD","future",3,96.08
"BD","future",4,97.31
"BD","future",5,97.1
"BD","future",6,95.48
"BD","future",7,97.33
"BD","future",8,95.52
"BD","future",9,96.69
"BD","future",10,96.12
"BD","future",11,97.09
"BD","future",12,96.08
"BD","future",13,95.48
"BD","future",14,97.73
"BD","future",15,98.52
"BD","future",16,97.07
"BD","future",17,82.95
"BD","future",18,85.23
"BD","future",19,94.79
"BD","future",20,100
"BD","future",21,86.27
"BD","future",22,94.77
"BD","future",23,96.83
"BD","future",24,93.84
"BD","future",25,98.97
"BD","future",26,97.69
"BD","future",27,93.88
"BD","future",28,98.4
"BD","future",29,100
"BD","future",30,100
"BD","future",31,98.98
"BD","future",32,98.81
"BD","future",33,91.06
"BD","future",34,98.37
"BD","future",35,100
"BD","future",36,99.5
"BD","future",37,98.9
"BD","future",38,98.89
"BD","future",39,98.97
"BD","future",40,95.64
"BD","future",41,96.48
"BD","future",42,90.54
"BD","pressures",1,
"BD","pressures",2,
"BD","pressures",3,
"BD","pressures",4,
"BD","pressures",5,
"BD","pressures",6,
"BD","pressures",7,
"BD","pressures",8,
"BD","pressures",9,
"BD","pressures",10,
"BD","pressures",11,
"BD","pressures",12,
"BD","pressures",13,
"BD","pressures",14,
"BD","pressures",15,
"BD","pressures",16,
"BD","pressures",17,
"BD","pressures",18,
"BD","pressures",19,
"BD","pressures",20,
"BD","pressures",21,
"BD","pressures",22,
"BD","pressures",23,
"BD","pressures",24,
"BD","pressures",25,
"BD","pressures",26,
"BD","pressures",27,
"BD","pressures",28,
"BD","pressures",29,
"BD","pressures",30,
"BD","pressures",31,
"BD","pressures",32,
"BD","pressures",33,
"BD","pressures",34,
"BD","pressures",35,
"BD","pressures",36,
"BD","pressures",37,
"BD","pressures",38,
"BD","pressures",39,
"BD","pressures",40,
"BD","pressures",41,
"BD","pressures",42,
"BD","resilience",1,
"BD","resilience",2,
"BD","resilience",3,
"BD","resilience",4,
"BD","resilience",5,
"BD","resilience",6,
"BD","resilience",7,
"BD","resilience",8,
"BD","resilience",9,
"BD","resilience",10,
"BD","resilience",11,
"BD","resilience",12,
"BD","resilience",13,
"BD","resilience",14,
"BD","resilience",15,
"BD","resilience",16,
"BD","resilience",17,
"BD","resilience",18,
"BD","resilience",19,
"BD","resilience",20,
"BD","resilience",21,
"BD","resilience",22,
"BD","resilience",23,
"BD","resilience",24,
"BD","resilience",25,
"BD","resilience",26,
"BD","resilience",27,
"BD","resilience",28,
"BD","resilience",29,
"BD","resilience",30,
"BD","resilience",31,
"BD","resilience",32,
"BD","resilience",33,
"BD","resilience",34,
"BD","resilience",35,
"BD","resilience",36,
"BD","resilience",37,
"BD","resilience",38,
"BD","resilience",39,
"BD","resilience",40,
"BD","resilience",41,
"BD","resilience",42,
"BD","score",0,90.09
"BD","score",1,88.29
"BD","score",2,89.42
"BD","score",3,90.53
"BD","score",4,90.71
"BD","score",5,89.43
"BD","score",6,89.98
"BD","score",7,91.65
"BD","score",8,89.06
"BD","score",9,91.08
"BD","score",10,89.61
"BD","score",11,89.42
"BD","score",12,90.53
"BD","score",13,89.04
"BD","score",14,89.99
"BD","score",15,92.75
"BD","score",16,88.53
"BD","score",17,77.17
"BD","score",18,79.31
"BD","score",19,93.6
"BD","score",20,92.38
"BD","score",21,80.33
"BD","score",22,93.59
"BD","score",23,90.77
"BD","score",24,87.83
"BD","score",25,95.24
"BD","score",26,89.97
"BD","score",27,87.85
"BD","score",28,94.7
"BD","score",29,92.38
"BD","score",30,95.25
"BD","score",31,95.24
"BD","score",32,94.15
"BD","score",33,89.98
"BD","score",34,94.68
"BD","score",35,92.62
"BD","score",36,94.75
"BD","score",37,91.08
"BD","score",38,94.19
"BD","score",39,91.11
"BD","score",40,86.32
"BD","score",41,88.86
"BD","score",42,81.77
"BD","status",0,84.02
"BD","status",1,80.75
"BD","status",2,83.98
"BD","status",3,84.98
"BD","status",4,84.1
"BD","status",5,81.75
"BD","status",6,84.48
"BD","status",7,85.98
"BD","status",8,82.6
"BD","status",9,85.48
"BD","status",10,83.1
"BD","status",11,81.75
"BD","status",12,84.98
"BD","status",13,82.6
"BD","status",14,82.25
"BD","status",15,86.98
"BD","status",16,80
"BD","status",17,71.39
"BD","status",18,73.39
"BD","status",19,92.4
"BD","status",20,84.75
"BD","status",21,74.39
"BD","status",22,92.4
"BD","status",23,84.71
"BD","status",24,81.82
"BD","status",25,91.5
"BD","status",26,82.25
"BD","status",27,81.82
"BD","status",28,91
"BD","status",29,84.75
"BD","status",30,90.5
"BD","status",31,91.5
"BD","status",32,89.5
"BD","status",33,88.9
"BD","status",34,91
"BD","status",35,85.25
"BD","status",36,90
"BD","status",37,83.25
"BD","status",38,89.5
"BD","status",39,83.25
"BD","status",40,77
"BD","status",41,81.25
"BD","status",42,73
"BD","trend",1,0.02
"BD","trend",2,0.02
"BD","trend",3,0.02
"BD","trend",4,0.1
"BD","trend",5,0.02
"BD","trend",6,0.02
"BD","trend",7,0.02
"BD","trend",8,0.1
"BD","trend",9,0.02
"BD","trend",10,0.1
"BD","trend",11,0.02
"BD","trend",12,0.02
"BD","trend",13,0.1
"BD","trend",14,0.02
"BD","trend",15,0.02
"BD","trend",16,0
"BD","trend",17,0
"BD","trend",18,0
"BD","trend",19,0
"BD","trend",20,0.02
"BD","trend",21,0
"BD","trend",22,0
"BD","trend",23,-0.02
"BD","trend",24,0
"BD","trend",25,0.09
"BD","trend",26,0.02
"BD","trend",27,0
"BD","trend",28,0.09
"BD","trend",29,0.02
"BD","trend",30,0
"BD","trend",31,0.09
"BD","trend",32,0
"BD","trend",33,0
"BD","trend",34,0.09
"BD","trend",35,0.02
"BD","trend",36,0
"BD","trend",37,0.02
"BD","trend",38,0
"BD","trend",39,0.02
"BD","trend",40,0
"BD","trend",41,0.02
"BD","trend",42,0
"CS","future",0,100
"CS","future",1,100
"CS","future",2,100
"CS","future",3,100
"CS","future",4,
"CS","future",5,100
"CS","future",6,100
"CS","future",7,100
"CS","future",8,
"CS","future",9,100
"CS","future",10,
"CS","future",11,100
"CS","future",12,100
"CS","future",13,
"CS","future",14,100
"CS","future",15,100
"CS","future",16,
"CS","future",17,100
"CS","future",18,100
"CS","future",19,100
"CS","future",20,100
"CS","future",21,100
"CS","future",22,100
"CS","future",23,
"CS","future",24,
"CS","future",25,
"CS","future",26,100
"CS","future",27,
"CS","future",28,
"CS","future",29,100
"CS","future",30,
"CS","future",31,
"CS","future",32,
"CS","future",33,100
"CS","future",34,
"CS","future",35,100
"CS","future",36,
"CS","future",37,100
"CS","future",38,
"CS","future",39,100
"CS","future",40,
"CS","future",41,100
"CS","future",42,
"CS","pressures",1,17.53
"CS","pressures",2,18.75
"CS","pressures",3,18.27
"CS","pressures",4,23.86
"CS","pressures",5,16.66
"CS","pressures",6,18.22
"CS","pressures",7,17.37
"CS","pressures",8,23.3
"CS","pressures",9,18.47
"CS","pressures",10,24.05
"CS","pressures",11,29.83
"CS","pressures",12,31.4
"CS","pressures",13,36.47
"CS","pressures",14,29.34
"CS","pressures",15,30.81
"CS","pressures",16,60.55
"CS","pressures",17,40.15
"CS","pressures",18,40.79
"CS","pressures",19,52.73
"CS","pressures",20,29.7
"CS","pressures",21,41.74
"CS","pressures",22,53.21
"CS","pressures",23,43.06
"CS","pressures",24,41.55
"CS","pressures",25,36.78
"CS","pressures",26,30.05
"CS","pressures",27,38.77
"CS","pressures",28,32.9
"CS","pressures",29,29.74
"CS","pressures",30,30.11
"CS","pressures",31,36.71
"CS","pressures",32,32.27
"CS","pressures",33,57.41
"CS","pressures",34,39.74
"CS","pressures",35,16.35
"CS","pressures",36,15.78
"CS","pressures",37,17.2
"CS","pressures",38,15.63
"CS","pressures",39,19.62
"CS","pressures",40,25.83
"CS","pressures",41,20.02
"CS","pressures",42,27.16
"CS","resilience",1,91.54
"CS","resilience",2,87.56
"CS","resilience",3,87.56
"CS","resilience",4,88.62
"CS","resilience",5,91.54
"CS","resilience",6,87.56
"CS","resilience",7,87.56
"CS","resilience",8,88.62
"CS","resilience",9,87.56
"CS","resilience",10,88.62
"CS","resilience",11,91.54
"CS","resilience",12,87.56
"CS","resilience",13,88.62
"CS","resilience",14,91.54
"CS","resilience",15,87.56
"CS","resilience",16,79.55
"CS","resilience",17,79.99
"CS","resilience",18,79.99
"CS","resilience",19,61.37
"CS","resilience",20,91.54
"CS","resilience",21,79.99
"CS","resilience",22,61.37
"CS","resilience",23,81.14
"CS","resilience",24,78.98
"CS","resilience",25,81.01
"CS","resilience",26,91.54
"CS","resilience",27,78.98
"CS","resilience",28,81.01
"CS","resilience",29,91.54
"CS","resilience",30,91.96
"CS","resilience",31,81.01
"CS","resilience",32,91.96
"CS","resilience",33,61.37
"CS","resilience",34,81.01
"CS","resilience",35,91.54
"CS","resilience",36,91.96
"CS","resilience",37,91.54
"CS","resilience",38,91.96
"CS","resilience",39,91.54
"CS","resilience",40,79.55
"CS","resilience",41,91.54
"CS","resilience",42,79.55
"CS","score",0,100
"CS","score",1,100
"CS","score",2,100
"CS","score",3,100
"CS","score",4,
"CS","score",5,100
"CS","score",6,100
"CS","score",7,100
"CS","score",8,
"CS","score",9,100
"CS","score",10,
"CS","score",11,100
"CS","score",12,100
"CS","score",13,
"CS","score",14,100
"CS","score",15,100
"CS","score",16,
"CS","score",17,100
"CS","score",18,100
"CS","score",19,100
"CS","score",20,100
"CS","score",21,100
"CS","score",22,100
"CS","score",23,
"CS","score",24,
"CS","score",25,
"CS","score",26,100
"CS","score",27,
"CS","score",28,
"CS","score",29,100
"CS","score",30,
"CS","score",31,
"CS","score",32,
"CS","score",33,100
"CS","score",34,
"CS","score",35,100
"CS","score",36,
"CS","score",37,100
"CS","score",38,
"CS","score",39,100
"CS","score",40,
"CS","score",41,100
"CS","score",42,
"CS","status",0,100
"CS","status",1,100
"CS","status",2,100
"CS","status",3,100
"CS","status",4,
"CS","status",5,100
"CS","status",6,100
"CS","status",7,100
"CS","status",8,
"CS","status",9,100
"CS","status",10,
"CS","status",11,100
"CS","status",12,100
"CS","status",13,
"CS","status",14,100
"CS","status",15,100
"CS","status",16,
"CS","status",17,100
"CS","status",18,100
"CS","status",19,100
"CS","status",20,100
"CS","status",21,100
"CS","status",22,100
"CS","status",23,
"CS","status",24,
"CS","status",25,
"CS","status",26,100
"CS","status",27,
"CS","status",28,
"CS","status",29,100
"CS","status",30,
"CS","status",31,
"CS","status",32,
"CS","status",33,100
"CS","status",34,
"CS","status",35,100
"CS","status",36,
"CS","status",37,100
"CS","status",38,
"CS","status",39,100
"CS","status",40,
"CS","status",41,100
"CS","status",42,
"CS","trend",1,
"CS","trend",2,
"CS","trend",3,
"CS","trend",4,
"CS","trend",5,
"CS","trend",6,
"CS","trend",7,
"CS","trend",8,
"CS","trend",9,
"CS","trend",10,
"CS","trend",11,
"CS","trend",12,
"CS","trend",13,
"CS","trend",14,
"CS","trend",15,
"CS","trend",16,
"CS","trend",17,
"CS","trend",18,
"CS","trend",19,
"CS","trend",20,
"CS","trend",21,
"CS","trend",22,
"CS","trend",23,
"CS","trend",24,
"CS","trend",25,
"CS","trend",26,
"CS","trend",27,
"CS","trend",28,
"CS","trend",29,
"CS","trend",30,
"CS","trend",31,
"CS","trend",32,
"CS","trend",33,
"CS","trend",34,
"CS","trend",35,
"CS","trend",36,
"CS","trend",37,
"CS","trend",38,
"CS","trend",39,
"CS","trend",40,
"CS","trend",41,
"CS","trend",42,
"CW","future",0,95.64
"CW","future",1,100
"CW","future",2,100
"CW","future",3,100
"CW","future",4,75.81
"CW","future",5,100
"CW","future",6,100
"CW","future",7,100
"CW","future",8,73.12
"CW","future",9,100
"CW","future",10,77.37
"CW","future",11,100
"CW","future",12,100
"CW","future",13,86.54
"CW","future",14,100
"CW","future",15,100
"CW","future",16,
"CW","future",17,98.33
"CW","future",18,82.29
"CW","future",19,55.49
"CW","future",20,100
"CW","future",21,96.32
"CW","future",22,72.4
"CW","future",23,100
"CW","future",24,98.43
"CW","future",25,100
"CW","future",26,96.36
"CW","future",27,83.41
"CW","future",28,89.46
"CW","future",29,99.63
"CW","future",30,98.77
"CW","future",31,92.79
"CW","future",32,100
"CW","future",33,59.1
"CW","future",34,94.89
"CW","future",35,100
"CW","future",36,100
"CW","future",37,100
"CW","future",38,100
"CW","future",39,100
"CW","future",40,
"CW","future",41,100
"CW","future",42,
"CW","pressures",1,19.32
"CW","pressures",2,21.69
"CW","pressures",3,21.69
"CW","pressures",4,54.74
"CW","pressures",5,19.32
"CW","pressures",6,21.69
"CW","pressures",7,21.69
"CW","pressures",8,54.74
"CW","pressures",9,21.69
"CW","pressures",10,54.74
"CW","pressures",11,56.75
"CW","pressures",12,57.33
"CW","pressures",13,60.53
"CW","pressures",14,56.75
"CW","pressures",15,57.33
"CW","pressures",16,100
"CW","pressures",17,66.6
"CW","pressures",18,66.6
"CW","pressures",19,82.34
"CW","pressures",20,56.75
"CW","pressures",21,66.6
"CW","pressures",22,82.34
"CW","pressures",23,67.16
"CW","pressures",24,68.47
"CW","pressures",25,64.73
"CW","pressures",26,56.75
"CW","pressures",27,68.47
"CW","pressures",28,61.6
"CW","pressures",29,56.75
"CW","pressures",30,56.33
"CW","pressures",31,64.73
"CW","pressures",32,56.33
"CW","pressures",33,82.34
"CW","pressures",34,64.73
"CW","pressures",35,19.32
"CW","pressures",36,18.69
"CW","pressures",37,19.32
"CW","pressures",38,18.69
"CW","pressures",39,29.17
"CW","pressures",40,27.09
"CW","pressures",41,29.17
"CW","pressures",42,27.09
"CW","resilience",1,93.25
"CW","resilience",2,92.67
"CW","resilience",3,92.67
"CW","resilience",4,89.47
"CW","resilience",5,93.25
"CW","resilience",6,92.67
"CW","resilience",7,92.67
"CW","resilience",8,89.47
"CW","resilience",9,92.67
"CW","resilience",10,89.47
"CW","resilience",11,93.25
"CW","resilience",12,92.67
"CW","resilience",13,89.47
"CW","resilience",14,93.25
"CW","resilience",15,92.67
"CW","resilience",16,
"CW","resilience",17,83.4
"CW","resilience",18,83.4
"CW","resilience",19,67.66
"CW","resilience",20,93.25
"CW","resilience",21,83.4
"CW","resilience",22,67.66
"CW","resilience",23,82.84
"CW","resilience",24,81.53
"CW","resilience",25,85.27
"CW","resilience",26,93.25
"CW","resilience",27,81.53
"CW","resilience",28,85.27
"CW","resilience",29,93.25
"CW","resilience",30,93.67
"CW","resilience",31,85.27
"CW","resilience",32,93.67
"CW","resilience",33,67.66
"CW","resilience",34,85.27
"CW","resilience",35,93.25
"CW","resilience",36,93.67
"CW","resilience",37,93.25
"CW","resilience",38,93.67
"CW","resilience",39,93.25
"CW","resilience",40,
"CW","resilience",41,93.25
"CW","resilience",42,
"CW","score",0,92.65
"CW","score",1,99.5
"CW","score",2,99.5
"CW","score",3,97.5
"CW","score",4,73.4
"CW","score",5,98.5
"CW","score",6,98.5
"CW","score",7,94.5
"CW","score",8,69.56
"CW","score",9,96
"CW","score",10,73.19
"CW","score",11,98.5
"CW","score",12,98.5
"CW","score",13,82.77
"CW","score",14,99.5
"CW","score",15,99.5
"CW","score",16,
"CW","score",17,95.17
"CW","score",18,81.15
"CW","score",19,57.74
"CW","score",20,98
"CW","score",21,92.66
"CW","score",22,73.2
"CW","score",23,98
"CW","score",24,95.22
"CW","score",25,97
"CW","score",26,91.18
"CW","score",27,80.21
"CW","score",28,84.73
"CW","score",29,94.82
"CW","score",30,93.89
"CW","score",31,90.39
"CW","score",32,95.5
"CW","score",33,61.05
"CW","score",34,92.45
"CW","score",35,94.5
"CW","score",36,93.5
"CW","score",37,99
"CW","score",38,93.5
"CW","score",39,99
"CW","score",40,
"CW","score",41,95.5
"CW","score",42,
"CW","status",0,89.71
"CW","status",1,99
"CW","status",2,99
"CW","status",3,95
"CW","status",4,71
"CW","status",5,97
"CW","status",6,97
"CW","status",7,89
"CW","status",8,66
"CW","status",9,92
"CW","status",10,69
"CW","status",11,97
"CW","status",12,97
"CW","status",13,79
"CW","status",14,99
"CW","status",15,99
"CW","status",16,81
"CW","status",17,92
"CW","status",18,80
"CW","status",19,60
"CW","status",20,96
"CW","status",21,89
"CW","status",22,74
"CW","status",23,96
"CW","status",24,92
"CW","status",25,94
"CW","status",26,86
"CW","status",27,77
"CW","status",28,80
"CW","status",29,90
"CW","status",30,89
"CW","status",31,88
"CW","status",32,91
"CW","status",33,63
"CW","status",34,90
"CW","status",35,89
"CW","status",36,87
"CW","status",37,98
"CW","status",38,87
"CW","status",39,98
"CW","status",40,97
"CW","status",41,91
"CW","status",42,90
"CW","trend",1,0
"CW","trend",2,0
"CW","trend",3,-0.07
"CW","trend",4,-0.07
"CW","trend",5,
"CW","trend",6,
"CW","trend",7,-0.01
"CW","trend",8,-0.01
"CW","trend",9,0.01
"CW","trend",10,0.01
"CW","trend",11,0
"CW","trend",12,0
"CW","trend",13,0
"CW","trend",14,0.02
"CW","trend",15,0.02
"CW","trend",16,0.02
"CW","trend",17,0.02
"CW","trend",18,-0.04
"CW","trend",19,-0.04
"CW","trend",20,0.04
"CW","trend",21,0.04
"CW","trend",22,0.04
"CW","trend",23,0.04
"CW","trend",24,0.04
"CW","trend",25,0.04
"CW","trend",26,0
"CW","trend",27,0.06
"CW","trend",28,0.06
"CW","trend",29,-0.02
"CW","trend",30,-0.02
"CW","trend",31,-0.02
"CW","trend",32,-0.02
"CW","trend",33,-0.02
"CW","trend",34,-0.02
"CW","trend",35,-0.04
"CW","trend",36,-0.04
"CW","trend",37,0
"CW","trend",38,-0.07
"CW","trend",39,0
"CW","trend",40,0
"CW","trend",41,-0.06
"CW","trend",42,-0.06
"ECO","future",0,82.25
"ECO","future",1,100
"ECO","future",2,100
"ECO","future",3,0
"ECO","future",4,0
"ECO","future",5,100
"ECO","future",6,100
"ECO","future",7,100
"ECO","future",8,0
"ECO","future",9,100
"ECO","future",10,0
"ECO","future",11,100
"ECO","future",12,100
"ECO","future",13,0
"ECO","future",14,92.5
"ECO","future",15,100
"ECO","future",16,
"ECO","future",17,100
"ECO","future",18,100
"ECO","future",19,0
"ECO","future",20,100
"ECO","future",21,100
"ECO","future",22,0
"ECO","future",23,100
"ECO","future",24,100
"ECO","future",25,87.64
"ECO","future",26,100
"ECO","future",27,100
"ECO","future",28,88.58
"ECO","future",29,100
"ECO","future",30,0
"ECO","future",31,87.64
"ECO","future",32,0
"ECO","future",33,0
"ECO","future",34,100
"ECO","future",35,100
"ECO","future",36,100
"ECO","future",37,100
"ECO","future",38,100
"ECO","future",39,100
"ECO","future",40,
"ECO","future",41,100
"ECO","future",42,
"ECO","pressures",1,14.55
"ECO","pressures",2,18.28
"ECO","pressures",3,18.3
"ECO","pressures",4,21.14
"ECO","pressures",5,14.47
"ECO","pressures",6,18.28
"ECO","pressures",7,18.25
"ECO","pressures",8,21.17
"ECO","pressures",9,18.27
"ECO","pressures",10,21.11
"ECO","pressures",11,27.34
"ECO","pressures",12,31.15
"ECO","pressures",13,34.07
"ECO","pressures",14,27.35
"ECO","pressures",15,31.13
"ECO","pressures",16,77.21
"ECO","pressures",17,36.73
"ECO","pressures",18,36.87
"ECO","pressures",19,48.66
"ECO","pressures",20,27.33
"ECO","pressures",21,36.99
"ECO","pressures",22,48.67
"ECO","pressures",23,37.12
"ECO","pressures",24,38.42
"ECO","pressures",25,33.77
"ECO","pressures",26,27.41
"ECO","pressures",27,35.4
"ECO","pressures",28,30.5
"ECO","pressures",29,27.34
"ECO","pressures",30,28.05
"ECO","pressures",31,33.76
"ECO","pressures",32,30.11
"ECO","pressures",33,52.25
"ECO","pressures",34,36.13
"ECO","pressures",35,14.47
"ECO","pressures",36,14.96
"ECO","pressures",37,14.66
"ECO","pressures",38,14.93
"ECO","pressures",39,17.75
"ECO","pressures",40,19.71
"ECO","pressures",41,17.76
"ECO","pressures",42,19.71
"ECO","resilience",1,82.39
"ECO","resilience",2,79.67
"ECO","resilience",3,79.67
"ECO","resilience",4,78.83
"ECO","resilience",5,82.39
"ECO","resilience",6,79.67
"ECO","resilience",7,79.67
"ECO","resilience",8,78.83
"ECO","resilience",9,79.67
"ECO","resilience",10,78.83
"ECO","resilience",11,82.39
"ECO","resilience",12,79.67
"ECO","resilience",13,78.83
"ECO","resilience",14,82.39
"ECO","resilience",15,79.67
"ECO","resilience",16,
"ECO","resilience",17,65.26
"ECO","resilience",18,65.26
"ECO","resilience",19,48.02
"ECO","resilience",20,82.39
"ECO","resilience",21,65.26
"ECO","resilience",22,48.02
"ECO","resilience",23,64.34
"ECO","resilience",24,62.96
"ECO","resilience",25,68.48
"ECO","resilience",26,82.39
"ECO","resilience",27,62.96
"ECO","resilience",28,68.48
"ECO","resilience",29,82.39
"ECO","resilience",30,83.24
"ECO","resilience",31,68.48
"ECO","resilience",32,83.24
"ECO","resilience",33,48.02
"ECO","resilience",34,68.48
"ECO","resilience",35,82.39
"ECO","resilience",36,83.24
"ECO","resilience",37,82.39
"ECO","resilience",38,83.24
"ECO","resilience",39,82.39
"ECO","resilience",40,
"ECO","resilience",41,82.39
"ECO","resilience",42,
"ECO","score",0,81.44
"ECO","score",1,98.5
"ECO","score",2,98.5
"ECO","score",3,0
"ECO","score",4,0
"ECO","score",5,97
"ECO","score",6,100
"ECO","score",7,97
"ECO","score",8,0
"ECO","score",9,97
"ECO","score",10,0
"ECO","score",11,97
"ECO","score",12,100
"ECO","score",13,0
"ECO","score",14,88.25
"ECO","score",15,97
"ECO","score",16,
"ECO","score",17,98
"ECO","score",18,100
"ECO","score",19,0
"ECO","score",20,98
"ECO","score",21,100
"ECO","score",22,0
"ECO","score",23,100
"ECO","score",24,99.5
"ECO","score",25,87.32
"ECO","score",26,97.5
"ECO","score",27,100
"ECO","score",28,87.79
"ECO","score",29,100
"ECO","score",30,0
"ECO","score",31,87.32
"ECO","score",32,0
"ECO","score",33,0
"ECO","score",34,99.5
"ECO","score",35,100
"ECO","score",36,100
"ECO","score",37,100
"ECO","score",38,100
"ECO","score",39,100
"ECO","score",40,
"ECO","score",41,100
"ECO","score",42,
"ECO","status",0,81.05
"ECO","status",1,97
"ECO","status",2,97
"ECO","status",3,0
"ECO","status",4,0
"ECO","status",5,94
"ECO","status",6,100
"ECO","status",7,94
"ECO","status",8,0
"ECO","status",9,94
"ECO","status",10,0
"ECO","status",11,94
"ECO","status",12,100
"ECO","status",13,0
"ECO","status",14,84
"ECO","status",15,94
"ECO","status",16,0
"ECO","status",17,96
"ECO","status",18,100
"ECO","status",19,0
"ECO","status",20,96
"ECO","status",21,100
"ECO","status",22,0
"ECO","status",23,100
"ECO","status",24,99
"ECO","status",25,87
"ECO","status",26,95
"ECO","status",27,100
"ECO","status",28,87
"ECO","status",29,100
"ECO","status",30,0
"ECO","status",31,87
"ECO","status",32,0
"ECO","status",33,0
"ECO","status",34,99
"ECO","status",35,100
"ECO","status",36,100
"ECO","status",37,100
"ECO","status",38,100
"ECO","status",39,100
"ECO","status",40,100
"ECO","status",41,100
"ECO","status",42,100
"ECO","trend",1,-0.02
"ECO","trend",2,-0.01
"ECO","trend",3,
"ECO","trend",4,
"ECO","trend",5,-0.06
"ECO","trend",6,0
"ECO","trend",7,0
"ECO","trend",8,
"ECO","trend",9,0
"ECO","trend",10,
"ECO","trend",11,-0.06
"ECO","trend",12,0
"ECO","trend",13,
"ECO","trend",14,-0.12
"ECO","trend",15,0.01
"ECO","trend",16,
"ECO","trend",17,-0.05
"ECO","trend",18,0.02
"ECO","trend",19,
"ECO","trend",20,0.1
"ECO","trend",21,0
"ECO","trend",22,
"ECO","trend",23,
"ECO","trend",24,0.19
"ECO","trend",25,-0.16
"ECO","trend",26,-0.01
"ECO","trend",27,-0.01
"ECO","trend",28,-0.16
"ECO","trend",29,0
"ECO","trend",30,
"ECO","trend",31,-0.16
"ECO","trend",32,
"ECO","trend",33,
"ECO","trend",34,-0.01
"ECO","trend",35,0
"ECO","trend",36,0.14
"ECO","trend",37,0.02
"ECO","trend",38,0.04
"ECO","trend",39,0.01
"ECO","trend",40,0
"ECO","trend",41,0.03
"ECO","trend",42,0
"FIS","future",0,99.51
"FIS","future",1,
"FIS","future",2,
"FIS","future",3,100
"FIS","future",4,100
"FIS","future",5,100
"FIS","future",6,100
"FIS","future",7,100
"FIS","future",8,100
"FIS","future",9,100
"FIS","future",10,100
"FIS","future",11,100
"FIS","future",12,100
"FIS","future",13,100
"FIS","future",14,100
"FIS","future",15,100
"FIS","future",16,
"FIS","future",17,100
"FIS","future",18,100
"FIS","future",19,92.1
"FIS","future",20,100
"FIS","future",21,100
"FIS","future",22,92.1
"FIS","future",23,100
"FIS","future",24,100
"FIS","future",25,100
"FIS","future",26,100
"FIS","future",27,100
"FIS","future",28,100
"FIS","future",29,100
"FIS","future",30,100
"FIS","future",31,100
"FIS","future",32,100
"FIS","future",33,92.1
"FIS","future",34,100
"FIS","future",35,100
"FIS","future",36,100
"FIS","future",37,100
"FIS","future",38,100
"FIS","future",39,100
"FIS","future",40,
"FIS","future",41,100
"FIS","future",42,
"FIS","pressures",1,14.7
"FIS","pressures",2,19.18
"FIS","pressures",3,19.21
"FIS","pressures",4,21.41
"FIS","pressures",5,14.61
"FIS","pressures",6,19.18
"FIS","pressures",7,19.15
"FIS","pressures",8,21.45
"FIS","pressures",9,19.17
"FIS","pressures",10,21.37
"FIS","pressures",11,14.61
"FIS","pressures",12,19.18
"FIS","pressures",13,21.49
"FIS","pressures",14,14.62
"FIS","pressures",15,19.16
"FIS","pressures",16,
"FIS","pressures",17,23.75
"FIS","pressures",18,23.93
"FIS","pressures",19,36.55
"FIS","pressures",20,14.6
"FIS","pressures",21,24.08
"FIS","pressures",22,36.56
"FIS","pressures",23,24.3
"FIS","pressures",24,25.93
"FIS","pressures",25,21.14
"FIS","pressures",26,14.7
"FIS","pressures",27,26.25
"FIS","pressures",28,21.14
"FIS","pressures",29,14.61
"FIS","pressures",30,15.97
"FIS","pressures",31,21.12
"FIS","pressures",32,15.82
"FIS","pressures",33,36.56
"FIS","pressures",34,21.11
"FIS","pressures",35,14.6
"FIS","pressures",36,15.7
"FIS","pressures",37,14.85
"FIS","pressures",38,15.65
"FIS","pressures",39,14.6
"FIS","pressures",40,
"FIS","pressures",41,14.61
"FIS","pressures",42,
"FIS","resilience",1,86.81
"FIS","resilience",2,83.43
"FIS","resilience",3,83.43
"FIS","resilience",4,82.8
"FIS","resilience",5,86.81
"FIS","resilience",6,83.43
"FIS","resilience",7,83.43
"FIS","resilience",8,82.8
"FIS","resilience",9,83.43
"FIS","resilience",10,82.8
"FIS","resilience",11,86.81
"FIS","resilience",12,83.43
"FIS","resilience",13,82.8
"FIS","resilience",14,86.81
"FIS","resilience",15,83.43
"FIS","resilience",16,80.85
"FIS","resilience",17,76.51
"FIS","resilience",18,76.51
"FIS","resilience",19,57.01
"FIS","resilience",20,86.81
"FIS","resilience",21,76.51
"FIS","resilience",22,57.01
"FIS","resilience",23,76.81
"FIS","resilience",24,75.03
"FIS","resilience",25,77.72
"FIS","resilience",26,86.81
"FIS","resilience",27,75.03
"FIS","resilience",28,77.72
"FIS","resilience",29,86.81
"FIS","resilience",30,88.55
"FIS","resilience",31,77.72
"FIS","resilience",32,88.55
"FIS","resilience",33,57.01
"FIS","resilience",34,77.72
"FIS","resilience",35,86.81
"FIS","resilience",36,88.55
"FIS","resilience",37,86.81
"FIS","resilience",38,88.55
"FIS","resilience",39,86.81
"FIS","resilience",40,80.85
"FIS","resilience",41,86.81
"FIS","resilience",42,80.85
"FIS","score",0,93.73
"FIS","score",1,
"FIS","score",2,
"FIS","score",3,92.85
"FIS","score",4,92.85
"FIS","score",5,91.75
"FIS","score",6,91.75
"FIS","score",7,92.85
"FIS","score",8,92.85
"FIS","score",9,92.85
"FIS","score",10,92.85
"FIS","score",11,91.75
"FIS","score",12,91.75
"FIS","score",13,91.75
"FIS","score",14,94.25
"FIS","score",15,94.25
"FIS","score",16,
"FIS","score",17,94.25
"FIS","score",18,94.25
"FIS","score",19,90.3
"FIS","score",20,94.25
"FIS","score",21,94.25
"FIS","score",22,90.3
"FIS","score",23,94.25
"FIS","score",24,94.25
"FIS","score",25,94.25
"FIS","score",26,94.25
"FIS","score",27,94.4
"FIS","score",28,94.4
"FIS","score",29,94.25
"FIS","score",30,94.25
"FIS","score",31,94.25
"FIS","score",32,94.25
"FIS","score",33,90.3
"FIS","score",34,94.25
"FIS","score",35,94.25
"FIS","score",36,94.25
"FIS","score",37,93.75
"FIS","score",38,93.75
"FIS","score",39,94.25
"FIS","score",40,
"FIS","score",41,94.25
"FIS","score",42,
"FIS","status",0,87.95
"FIS","status",1,
"FIS","status",2,
"FIS","status",3,85.7
"FIS","status",4,85.7
"FIS","status",5,83.5
"FIS","status",6,83.5
"FIS","status",7,85.7
"FIS","status",8,85.7
"FIS","status",9,85.7
"FIS","status",10,85.7
"FIS","status",11,83.5
"FIS","status",12,83.5
"FIS","status",13,83.5
"FIS","status",14,88.5
"FIS","status",15,88.5
"FIS","status",16,83.5
"FIS","status",17,88.5
"FIS","status",18,88.5
"FIS","status",19,88.5
"FIS","status",20,88.5
"FIS","status",21,88.5
"FIS","status",22,88.5
"FIS","status",23,88.5
"FIS","status",24,88.5
"FIS","status",25,88.5
"FIS","status",26,88.5
"FIS","status",27,88.8
"FIS","status",28,88.8
"FIS","status",29,88.5
"FIS","status",30,88.5
"FIS","status",31,88.5
"FIS","status",32,88.5
"FIS","status",33,88.5
"FIS","status",34,88.5
"FIS","status",35,88.5
"FIS","status",36,88.5
"FIS","status",37,87.5
"FIS","status",38,87.5
"FIS","status",39,88.5
"FIS","status",40,87.5
"FIS","status",41,88.5
"FIS","status",42,88.5
"FIS","trend",1,
"FIS","trend",2,
"FIS","trend",3,0
"FIS","trend",4,0
"FIS","trend",5,0
"FIS","trend",6,0
"FIS","trend",7,0
"FIS","trend",8,0
"FIS","trend",9,0
"FIS","trend",10,0
"FIS","trend",11,0
"FIS","trend",12,0
"FIS","trend",13,0
"FIS","trend",14,-0.04
"FIS","trend",15,-0.04
"FIS","trend",16,0
"FIS","trend",17,-0.04
"FIS","trend",18,-0.04
"FIS","trend",19,-0.04
"FIS","trend",20,-0.04
"FIS","trend",21,-0.04
"FIS","trend",22,-0.04
"FIS","trend",23,-0.04
"FIS","trend",24,-0.04
"FIS","trend",25,-0.04
"FIS","trend",26,-0.04
"FIS","trend",27,-0.04
"FIS","trend",28,-0.04
"FIS","trend",29,-0.04
"FIS","trend",30,-0.04
"FIS","trend",31,-0.04
"FIS","trend",32,-0.04
"FIS","trend",33,-0.04
"FIS","trend",34,-0.04
"FIS","trend",35,-0.04
"FIS","trend",36,-0.04
"FIS","trend",37,-0.04
"FIS","trend",38,-0.04
"FIS","trend",39,-0.04
"FIS","trend",40,-0.04
"FIS","trend",41,-0.04
"FIS","trend",42,-0.04
"FP","future",0,98.86
"FP","future",1,66.99
"FP","future",2,100
"FP","future",3,100
"FP","future",4,100
"FP","future",5,99.39
"FP","future",6,99.21
"FP","future",7,100
"FP","future",8,100
"FP","future",9,100
"FP","future",10,100
"FP","future",11,99.29
"FP","future",12,100
"FP","future",13,100
"FP","future",14,99.29
"FP","future",15,99.21
"FP","future",16,
"FP","future",17,100
"FP","future",18,100
"FP","future",19,92.1
"FP","future",20,100
"FP","future",21,100
"FP","future",22,92.1
"FP","future",23,100
"FP","future",24,100
"FP","future",25,100
"FP","future",26,99.5
"FP","future",27,100
"FP","future",28,100
"FP","future",29,99.5
"FP","future",30,100
"FP","future",31,100
"FP","future",32,100
"FP","future",33,92.1
"FP","future",34,100
"FP","future",35,99.6
"FP","future",36,100
"FP","future",37,100
"FP","future",38,100
"FP","future",39,100
"FP","future",40,
"FP","future",41,100
"FP","future",42,
"FP","pressures",1,
"FP","pressures",2,
"FP","pressures",3,
"FP","pressures",4,
"FP","pressures",5,
"FP","pressures",6,
"FP","pressures",7,
"FP","pressures",8,
"FP","pressures",9,
"FP","pressures",10,
"FP","pressures",11,
"FP","pressures",12,
"FP","pressures",13,
"FP","pressures",14,
"FP","pressures",15,
"FP","pressures",16,
"FP","pressures",17,
"FP","pressures",18,
"FP","pressures",19,
"FP","pressures",20,
"FP","pressures",21,
"FP","pressures",22,
"FP","pressures",23,
"FP","pressures",24,
"FP","pressures",25,
"FP","pressures",26,
"FP","pressures",27,
"FP","pressures",28,
"FP","pressures",29,
"FP","pressures",30,
"FP","pressures",31,
"FP","pressures",32,
"FP","pressures",33,
"FP","pressures",34,
"FP","pressures",35,
"FP","pressures",36,
"FP","pressures",37,
"FP","pressures",38,
"FP","pressures",39,
"FP","pressures",40,
"FP","pressures",41,
"FP","pressures",42,
"FP","resilience",1,
"FP","resilience",2,
"FP","resilience",3,
"FP","resilience",4,
"FP","resilience",5,
"FP","resilience",6,
"FP","resilience",7,
"FP","resilience",8,
"FP","resilience",9,
"FP","resilience",10,
"FP","resilience",11,
"FP","resilience",12,
"FP","resilience",13,
"FP","resilience",14,
"FP","resilience",15,
"FP","resilience",16,
"FP","resilience",17,
"FP","resilience",18,
"FP","resilience",19,
"FP","resilience",20,
"FP","resilience",21,
"FP","resilience",22,
"FP","resilience",23,
"FP","resilience",24,
"FP","resilience",25,
"FP","resilience",26,
"FP","resilience",27,
"FP","resilience",28,
"FP","resilience",29,
"FP","resilience",30,
"FP","resilience",31,
"FP","resilience",32,
"FP","resilience",33,
"FP","resilience",34,
"FP","resilience",35,
"FP","resilience",36,
"FP","resilience",37,
"FP","resilience",38,
"FP","resilience",39,
"FP","resilience",40,
"FP","resilience",41,
"FP","resilience",42,
"FP","score",0,93.48
"FP","score",1,61.55
"FP","score",2,97.36
"FP","score",3,92.91
"FP","score",4,97.53
"FP","score",5,91.19
"FP","score",6,91.03
"FP","score",7,92.91
"FP","score",8,97.53
"FP","score",9,92.91
"FP","score",10,97.53
"FP","score",11,91.14
"FP","score",12,91.82
"FP","score",13,97.15
"FP","score",14,93.6
"FP","score",15,93.5
"FP","score",16,
"FP","score",17,94.25
"FP","score",18,94.25
"FP","score",19,90.3
"FP","score",20,94.25
"FP","score",21,94.25
"FP","score",22,90.3
"FP","score",23,94.25
"FP","score",24,94.25
"FP","score",25,94.25
"FP","score",26,93.72
"FP","score",27,94.4
"FP","score",28,94.4
"FP","score",29,93.72
"FP","score",30,94.25
"FP","score",31,94.25
"FP","score",32,93.78
"FP","score",33,90.3
"FP","score",34,94.25
"FP","score",35,93.77
"FP","score",36,94.99
"FP","score",37,93.87
"FP","score",38,94.55
"FP","score",39,94.36
"FP","score",40,
"FP","score",41,94.36
"FP","score",42,
"FP","status",0,88.1
"FP","status",1,56.12
"FP","status",2,94.73
"FP","status",3,85.82
"FP","status",4,95.06
"FP","status",5,82.99
"FP","status",6,82.84
"FP","status",7,85.82
"FP","status",8,95.06
"FP","status",9,85.82
"FP","status",10,95.06
"FP","status",11,82.99
"FP","status",12,83.64
"FP","status",13,94.3
"FP","status",14,87.9
"FP","status",15,87.8
"FP","status",16,
"FP","status",17,88.5
"FP","status",18,88.5
"FP","status",19,88.5
"FP","status",20,88.5
"FP","status",21,88.5
"FP","status",22,88.5
"FP","status",23,88.5
"FP","status",24,88.5
"FP","status",25,88.5
"FP","status",26,87.94
"FP","status",27,88.8
"FP","status",28,88.8
"FP","status",29,87.94
"FP","status",30,88.5
"FP","status",31,88.5
"FP","status",32,87.57
"FP","status",33,88.5
"FP","status",34,88.5
"FP","status",35,87.94
"FP","status",36,89.98
"FP","status",37,87.73
"FP","status",38,89.11
"FP","status",39,88.71
"FP","status",40,
"FP","status",41,88.71
"FP","status",42,
"FP","trend",1,-0.09
"FP","trend",2,0.31
"FP","trend",3,0
"FP","trend",4,0
"FP","trend",5,0
"FP","trend",6,0
"FP","trend",7,0
"FP","trend",8,0
"FP","trend",9,0
"FP","trend",10,0
"FP","trend",11,0
"FP","trend",12,0
"FP","trend",13,0
"FP","trend",14,-0.04
"FP","trend",15,-0.04
"FP","trend",16,
"FP","trend",17,-0.04
"FP","trend",18,-0.04
"FP","trend",19,-0.04
"FP","trend",20,-0.04
"FP","trend",21,-0.04
"FP","trend",22,-0.04
"FP","trend",23,-0.04
"FP","trend",24,-0.04
"FP","trend",25,-0.04
"FP","trend",26,-0.04
"FP","trend",27,-0.04
"FP","trend",28,-0.04
"FP","trend",29,-0.04
"FP","trend",30,-0.04
"FP","trend",31,-0.04
"FP","trend",32,0.02
"FP","trend",33,-0.04
"FP","trend",34,-0.04
"FP","trend",35,-0.04
"FP","trend",36,-0.03
"FP","trend",37,-0.04
"FP","trend",38,-0.01
"FP","trend",39,-0.04
"FP","trend",40,
"FP","trend",41,-0.04
"FP","trend",42,
"HAB","future",0,97.26
"HAB","future",1,100
"HAB","future",2,100
"HAB","future",3,100
"HAB","future",4,100
"HAB","future",5,100
"HAB","future",6,100
"HAB","future",7,100
"HAB","future",8,100
"HAB","future",9,100
"HAB","future",10,100
"HAB","future",11,100
"HAB","future",12,100
"HAB","future",13,100
"HAB","future",14,100
"HAB","future",15,100
"HAB","future",16,
"HAB","future",17,74.87
"HAB","future",18,74.87
"HAB","future",19,100
"HAB","future",20,100
"HAB","future",21,74.74
"HAB","future",22,100
"HAB","future",23,96.02
"HAB","future",24,91.78
"HAB","future",25,100
"HAB","future",26,100
"HAB","future",27,92.01
"HAB","future",28,100
"HAB","future",29,100
"HAB","future",30,100
"HAB","future",31,100
"HAB","future",32,100
"HAB","future",33,100
"HAB","future",34,100
"HAB","future",35,100
"HAB","future",36,100
"HAB","future",37,100
"HAB","future",38,100
"HAB","future",39,100
"HAB","future",40,
"HAB","future",41,100
"HAB","future",42,
"HAB","pressures",1,20.2
"HAB","pressures",2,22.26
"HAB","pressures",3,22.26
"HAB","pressures",4,25.72
"HAB","pressures",5,19.23
"HAB","pressures",6,22.26
"HAB","pressures",7,22.18
"HAB","pressures",8,25.72
"HAB","pressures",9,22.26
"HAB","pressures",10,25.72
"HAB","pressures",11,19.75
"HAB","pressures",12,22.26
"HAB","pressures",13,25.72
"HAB","pressures",14,18.8
"HAB","pressures",15,22.26
"HAB","pressures",16,53.33
"HAB","pressures",17,31.21
"HAB","pressures",18,31.21
"HAB","pressures",19,46.98
"HAB","pressures",20,19.61
"HAB","pressures",21,31.84
"HAB","pressures",22,46.98
"HAB","pressures",23,32.38
"HAB","pressures",24,33.36
"HAB","pressures",25,29.49
"HAB","pressures",26,19.61
"HAB","pressures",27,32.52
"HAB","pressures",28,28.81
"HAB","pressures",29,19.61
"HAB","pressures",30,21.16
"HAB","pressures",31,29.49
"HAB","pressures",32,21.16
"HAB","pressures",33,46.98
"HAB","pressures",34,29.49
"HAB","pressures",35,18.69
"HAB","pressures",36,20.77
"HAB","pressures",37,18.69
"HAB","pressures",38,20.77
"HAB","pressures",39,18.69
"HAB","pressures",40,52.52
"HAB","pressures",41,19.37
"HAB","pressures",42,57.51
"HAB","resilience",1,88.43
"HAB","resilience",2,85.83
"HAB","resilience",3,85.83
"HAB","resilience",4,83.57
"HAB","resilience",5,88.43
"HAB","resilience",6,85.83
"HAB","resilience",7,85.83
"HAB","resilience",8,83.57
"HAB","resilience",9,85.83
"HAB","resilience",10,83.57
"HAB","resilience",11,88.43
"HAB","resilience",12,85.83
"HAB","resilience",13,83.57
"HAB","resilience",14,88.43
"HAB","resilience",15,85.83
"HAB","resilience",16,80.27
"HAB","resilience",17,77.65
"HAB","resilience",18,77.65
"HAB","resilience",19,59.31
"HAB","resilience",20,88.43
"HAB","resilience",21,77.65
"HAB","resilience",22,59.31
"HAB","resilience",23,77.32
"HAB","resilience",24,75.73
"HAB","resilience",25,79.11
"HAB","resilience",26,88.43
"HAB","resilience",27,75.73
"HAB","resilience",28,79.11
"HAB","resilience",29,88.43
"HAB","resilience",30,89.21
"HAB","resilience",31,79.11
"HAB","resilience",32,89.21
"HAB","resilience",33,59.31
"HAB","resilience",34,79.11
"HAB","resilience",35,88.43
"HAB","resilience",36,89.21
"HAB","resilience",37,88.43
"HAB","resilience",38,89.21
"HAB","resilience",39,88.43
"HAB","resilience",40,80.27
"HAB","resilience",41,88.43
"HAB","resilience",42,80.27
"HAB","score",0,93.46
"HAB","score",1,93.75
"HAB","score",2,96.98
"HAB","score",3,96.98
"HAB","score",4,94.6
"HAB","score",5,93.75
"HAB","score",6,96.98
"HAB","score",7,96.98
"HAB","score",8,94.6
"HAB","score",9,96.98
"HAB","score",10,94.6
"HAB","score",11,93.75
"HAB","score",12,96.98
"HAB","score",13,94.6
"HAB","score",14,93.75
"HAB","score",15,96.98
"HAB","score",16,
"HAB","score",17,69.83
"HAB","score",18,69.83
"HAB","score",19,99.9
"HAB","score",20,93.75
"HAB","score",21,69.76
"HAB","score",22,99.9
"HAB","score",23,90.72
"HAB","score",24,86.21
"HAB","score",25,100
"HAB","score",26,93.75
"HAB","score",27,86.32
"HAB","score",28,100
"HAB","score",29,93.75
"HAB","score",30,100
"HAB","score",31,100
"HAB","score",32,100
"HAB","score",33,99.9
"HAB","score",34,100
"HAB","score",35,93.75
"HAB","score",36,100
"HAB","score",37,93.75
"HAB","score",38,100
"HAB","score",39,93.75
"HAB","score",40,
"HAB","score",41,93.75
"HAB","score",42,
"HAB","status",0,89.66
"HAB","status",1,87.5
"HAB","status",2,93.96
"HAB","status",3,93.96
"HAB","status",4,89.2
"HAB","status",5,87.5
"HAB","status",6,93.96
"HAB","status",7,93.96
"HAB","status",8,89.2
"HAB","status",9,93.96
"HAB","status",10,89.2
"HAB","status",11,87.5
"HAB","status",12,93.96
"HAB","status",13,89.2
"HAB","status",14,87.5
"HAB","status",15,93.96
"HAB","status",16,
"HAB","status",17,64.79
"HAB","status",18,64.79
"HAB","status",19,99.81
"HAB","status",20,87.5
"HAB","status",21,64.79
"HAB","status",22,99.81
"HAB","status",23,85.42
"HAB","status",24,80.63
"HAB","status",25,100
"HAB","status",26,87.5
"HAB","status",27,80.63
"HAB","status",28,100
"HAB","status",29,87.5
"HAB","status",30,100
"HAB","status",31,100
"HAB","status",32,100
"HAB","status",33,99.81
"HAB","status",34,100
"HAB","status",35,87.5
"HAB","status",36,100
"HAB","status",37,87.5
"HAB","status",38,100
"HAB","status",39,87.5
"HAB","status",40,
"HAB","status",41,87.5
"HAB","status",42,
"HAB","trend",1,0.05
"HAB","trend",2,0.03
"HAB","trend",3,0.03
"HAB","trend",4,0.2
"HAB","trend",5,0.05
"HAB","trend",6,0.03
"HAB","trend",7,0.03
"HAB","trend",8,0.2
"HAB","trend",9,0.03
"HAB","trend",10,0.2
"HAB","trend",11,0.05
"HAB","trend",12,0.03
"HAB","trend",13,0.2
"HAB","trend",14,0.05
"HAB","trend",15,0.03
"HAB","trend",16,
"HAB","trend",17,0
"HAB","trend",18,0
"HAB","trend",19,0
"HAB","trend",20,0.05
"HAB","trend",21,0
"HAB","trend",22,0
"HAB","trend",23,-0.04
"HAB","trend",24,0
"HAB","trend",25,0.18
"HAB","trend",26,0.05
"HAB","trend",27,0
"HAB","trend",28,0.18
"HAB","trend",29,0.05
"HAB","trend",30,0.01
"HAB","trend",31,0.18
"HAB","trend",32,0.01
"HAB","trend",33,0
"HAB","trend",34,0.18
"HAB","trend",35,0.05
"HAB","trend",36,0.01
"HAB","trend",37,0.05
"HAB","trend",38,0.01
"HAB","trend",39,0.05
"HAB","trend",40,
"HAB","trend",41,0.05
"HAB","trend",42,
"ICO","future",0,0.89
"ICO","future",1,0.87
"ICO","future",2,0.86
"ICO","future",3,0.86
"ICO","future",4,0.84
"ICO","future",5,0.91
"ICO","future",6,0.9
"ICO","future",7,0.93
"ICO","future",8,0.9
"ICO","future",9,0.92
"ICO","future",10,0.9
"ICO","future",11,0.93
"ICO","future",12,0.92
"ICO","future",13,0.89
"ICO","future",14,0.93
"ICO","future",15,0.92
"ICO","future",16,0.86
"ICO","future",17,0.87
"ICO","future",18,0.83
"ICO","future",19,0.76
"ICO","future",20,0.9
"ICO","future",21,0.84
"ICO","future",22,0.77
"ICO","future",23,0.84
"ICO","future",24,0.84
"ICO","future",25,0.86
"ICO","future",26,0.9
"ICO","future",27,0.87
"ICO","future",28,0.89
"ICO","future",29,0.93
"ICO","future",30,0.93
"ICO","future",31,0.89
"ICO","future",32,0.93
"ICO","future",33,0.78
"ICO","future",34,0.88
"ICO","future",35,0.94
"ICO","future",36,0.94
"ICO","future",37,0.93
"ICO","future",38,0.95
"ICO","future",39,0.91
"ICO","future",40,0.89
"ICO","future",41,0.91
"ICO","future",42,0.89
"ICO","pressures",1,13.62
"ICO","pressures",2,15.16
"ICO","pressures",3,15.13
"ICO","pressures",4,23.14
"ICO","pressures",5,13.19
"ICO","pressures",6,15.04
"ICO","pressures",7,14.78
"ICO","pressures",8,23.1
"ICO","pressures",9,15.08
"ICO","pressures",10,23.07
"ICO","pressures",11,17.13
"ICO","pressures",12,18.99
"ICO","pressures",13,27.33
"ICO","pressures",14,17.04
"ICO","pressures",15,18.81
"ICO","pressures",16,35.31
"ICO","pressures",17,30.95
"ICO","pressures",18,31.53
"ICO","pressures",19,43.57
"ICO","pressures",20,17.07
"ICO","pressures",21,32.09
"ICO","pressures",22,43.71
"ICO","pressures",23,32.37
"ICO","pressures",24,29.11
"ICO","pressures",25,23.21
"ICO","pressures",26,17.38
"ICO","pressures",27,28.99
"ICO","pressures",28,22.09
"ICO","pressures",29,17.11
"ICO","pressures",30,16.11
"ICO","pressures",31,23.14
"ICO","pressures",32,18.37
"ICO","pressures",33,46.45
"ICO","pressures",34,25.89
"ICO","pressures",35,13.12
"ICO","pressures",36,11.27
"ICO","pressures",37,13.88
"ICO","pressures",38,11.13
"ICO","pressures",39,14.09
"ICO","pressures",40,11.15
"ICO","pressures",41,14.2
"ICO","pressures",42,11.56
"ICO","resilience",1,88.52
"ICO","resilience",2,85.68
"ICO","resilience",3,85.68
"ICO","resilience",4,83.95
"ICO","resilience",5,88.52
"ICO","resilience",6,85.68
"ICO","resilience",7,85.68
"ICO","resilience",8,83.95
"ICO","resilience",9,85.68
"ICO","resilience",10,83.95
"ICO","resilience",11,88.52
"ICO","resilience",12,85.68
"ICO","resilience",13,83.95
"ICO","resilience",14,88.52
"ICO","resilience",15,85.68
"ICO","resilience",16,80.85
"ICO","resilience",17,78.38
"ICO","resilience",18,78.38
"ICO","resilience",19,59.95
"ICO","resilience",20,88.52
"ICO","resilience",21,78.38
"ICO","resilience",22,59.95
"ICO","resilience",23,78.24
"ICO","resilience",24,76.73
"ICO","resilience",25,79.87
"ICO","resilience",26,88.52
"ICO","resilience",27,76.73
"ICO","resilience",28,79.87
"ICO","resilience",29,88.52
"ICO","resilience",30,89.99
"ICO","resilience",31,79.87
"ICO","resilience",32,89.99
"ICO","resilience",33,59.95
"ICO","resilience",34,79.87
"ICO","resilience",35,88.52
"ICO","resilience",36,89.99
"ICO","resilience",37,88.52
"ICO","resilience",38,89.99
"ICO","resilience",39,88.52
"ICO","resilience",40,80.85
"ICO","resilience",41,88.52
"ICO","resilience",42,80.85
"ICO","score",0,0.81
"ICO","score",1,0.79
"ICO","score",2,0.78
"ICO","score",3,0.78
"ICO","score",4,0.77
"ICO","score",5,0.82
"ICO","score",6,0.81
"ICO","score",7,0.84
"ICO","score",8,0.83
"ICO","score",9,0.84
"ICO","score",10,0.83
"ICO","score",11,0.84
"ICO","score",12,0.83
"ICO","score",13,0.82
"ICO","score",14,0.84
"ICO","score",15,0.83
"ICO","score",16,0.81
"ICO","score",17,0.81
"ICO","score",18,0.77
"ICO","score",19,0.74
"ICO","score",20,0.81
"ICO","score",21,0.78
"ICO","score",22,0.75
"ICO","score",23,0.78
"ICO","score",24,0.78
"ICO","score",25,0.8
"ICO","score",26,0.81
"ICO","score",27,0.81
"ICO","score",28,0.82
"ICO","score",29,0.84
"ICO","score",30,0.84
"ICO","score",31,0.82
"ICO","score",32,0.84
"ICO","score",33,0.77
"ICO","score",34,0.82
"ICO","score",35,0.84
"ICO","score",36,0.85
"ICO","score",37,0.84
"ICO","score",38,0.85
"ICO","score",39,0.82
"ICO","score",40,0.81
"ICO","score",41,0.82
"ICO","score",42,0.81
"ICO","status",0,0.74
"ICO","status",1,0.7
"ICO","status",2,0.7
"ICO","status",3,0.7
"ICO","status",4,0.7
"ICO","status",5,0.73
"ICO","status",6,0.73
"ICO","status",7,0.75
"ICO","status",8,0.75
"ICO","status",9,0.75
"ICO","status",10,0.75
"ICO","status",11,0.75
"ICO","status",12,0.75
"ICO","status",13,0.75
"ICO","status",14,0.75
"ICO","status",15,0.75
"ICO","status",16,0.75
"ICO","status",17,0.75
"ICO","status",18,0.72
"ICO","status",19,0.72
"ICO","status",20,0.73
"ICO","status",21,0.73
"ICO","status",22,0.73
"ICO","status",23,0.73
"ICO","status",24,0.73
"ICO","status",25,0.73
"ICO","status",26,0.73
"ICO","status",27,0.75
"ICO","status",28,0.75
"ICO","status",29,0.75
"ICO","status",30,0.75
"ICO","status",31,0.75
"ICO","status",32,0.75
"ICO","status",33,0.75
"ICO","status",34,0.75
"ICO","status",35,0.75
"ICO","status",36,0.75
"ICO","status",37,0.75
"ICO","status",38,0.75
"ICO","status",39,0.73
"ICO","status",40,0.73
"ICO","status",41,0.73
"ICO","status",42,0.73
"ICO","trend",1,
"ICO","trend",2,
"ICO","trend",3,
"ICO","trend",4,
"ICO","trend",5,
"ICO","trend",6,
"ICO","trend",7,
"ICO","trend",8,
"ICO","trend",9,
"ICO","trend",10,
"ICO","trend",11,
"ICO","trend",12,
"ICO","trend",13,
"ICO","trend",14,
"ICO","trend",15,
"ICO","trend",16,
"ICO","trend",17,
"ICO","trend",18,
"ICO","trend",19,
"ICO","trend",20,
"ICO","trend",21,
"ICO","trend",22,
"ICO","trend",23,
"ICO","trend",24,
"ICO","trend",25,
"ICO","trend",26,
"ICO","trend",27,
"ICO","trend",28,
"ICO","trend",29,
"ICO","trend",30,
"ICO","trend",31,
"ICO","trend",32,
"ICO","trend",33,
"ICO","trend",34,
"ICO","trend",35,
"ICO","trend",36,
"ICO","trend",37,
"ICO","trend",38,
"ICO","trend",39,
"ICO","trend",40,
"ICO","trend",41,
"ICO","trend",42,
"Index","future",0,78.42
"Index","future",1,80.46
"Index","future",2,83.39
"Index","future",3,76.42
"Index","future",4,64.02
"Index","future",5,85.28
"Index","future",6,83.37
"Index","future",7,83.74
"Index","future",8,63.28
"Index","future",9,83.65
"Index","future",10,64.08
"Index","future",11,85.26
"Index","future",12,82.85
"Index","future",13,65.41
"Index","future",14,84.82
"Index","future",15,83.09
"Index","future",16,71.69
"Index","future",17,75.36
"Index","future",18,73.39
"Index","future",19,59.67
"Index","future",20,85.78
"Index","future",21,69
"Index","future",22,62.09
"Index","future",23,72.76
"Index","future",24,76.66
"Index","future",25,81.19
"Index","future",26,84.86
"Index","future",27,74.16
"Index","future",28,79.5
"Index","future",29,85.66
"Index","future",30,69.16
"Index","future",31,79.99
"Index","future",32,69.17
"Index","future",33,59.66
"Index","future",34,81.27
"Index","future",35,85.72
"Index","future",36,78.34
"Index","future",37,85.62
"Index","future",38,78.23
"Index","future",39,85.63
"Index","future",40,73.05
"Index","future",41,85.28
"Index","future",42,70.49
"Index","score",0,75.68
"Index","score",1,71.12
"Index","score",2,73.2
"Index","score",3,67.25
"Index","score",4,56.47
"Index","score",5,74.75
"Index","score",6,72.44
"Index","score",7,79.66
"Index","score",8,60.48
"Index","score",9,78.57
"Index","score",10,62.43
"Index","score",11,81.75
"Index","score",12,79.3
"Index","score",13,64.48
"Index","score",14,82.7
"Index","score",15,80.73
"Index","score",16,73.63
"Index","score",17,74.27
"Index","score",18,71.33
"Index","score",19,59.56
"Index","score",20,85.5
"Index","score",21,70.95
"Index","score",22,66.55
"Index","score",23,74.5
"Index","score",24,77.19
"Index","score",25,81.12
"Index","score",26,74.25
"Index","score",27,67.96
"Index","score",28,72.24
"Index","score",29,85.17
"Index","score",30,70.79
"Index","score",31,80.18
"Index","score",32,65.08
"Index","score",33,59.52
"Index","score",34,78.14
"Index","score",35,84.54
"Index","score",36,77.5
"Index","score",37,83.05
"Index","score",38,75.22
"Index","score",39,81.48
"Index","score",40,67.91
"Index","score",41,82.39
"Index","score",42,70.73
"LE","future",0,41.13
"LE","future",1,50
"LE","future",2,50
"LE","future",3,0
"LE","future",4,0
"LE","future",5,50
"LE","future",6,50
"LE","future",7,50
"LE","future",8,0
"LE","future",9,50
"LE","future",10,0
"LE","future",11,50
"LE","future",12,50
"LE","future",13,0
"LE","future",14,46.25
"LE","future",15,50
"LE","future",16,
"LE","future",17,50
"LE","future",18,50
"LE","future",19,0
"LE","future",20,50
"LE","future",21,50
"LE","future",22,0
"LE","future",23,50
"LE","future",24,50
"LE","future",25,43.82
"LE","future",26,50
"LE","future",27,50
"LE","future",28,44.29
"LE","future",29,50
"LE","future",30,0
"LE","future",31,43.82
"LE","future",32,0
"LE","future",33,0
"LE","future",34,50
"LE","future",35,50
"LE","future",36,50
"LE","future",37,50
"LE","future",38,50
"LE","future",39,50
"LE","future",40,
"LE","future",41,50
"LE","future",42,
"LE","pressures",1,
"LE","pressures",2,
"LE","pressures",3,
"LE","pressures",4,
"LE","pressures",5,
"LE","pressures",6,
"LE","pressures",7,
"LE","pressures",8,
"LE","pressures",9,
"LE","pressures",10,
"LE","pressures",11,
"LE","pressures",12,
"LE","pressures",13,
"LE","pressures",14,
"LE","pressures",15,
"LE","pressures",16,
"LE","pressures",17,
"LE","pressures",18,
"LE","pressures",19,
"LE","pressures",20,
"LE","pressures",21,
"LE","pressures",22,
"LE","pressures",23,
"LE","pressures",24,
"LE","pressures",25,
"LE","pressures",26,
"LE","pressures",27,
"LE","pressures",28,
"LE","pressures",29,
"LE","pressures",30,
"LE","pressures",31,
"LE","pressures",32,
"LE","pressures",33,
"LE","pressures",34,
"LE","pressures",35,
"LE","pressures",36,
"LE","pressures",37,
"LE","pressures",38,
"LE","pressures",39,
"LE","pressures",40,
"LE","pressures",41,
"LE","pressures",42,
"LE","resilience",1,
"LE","resilience",2,
"LE","resilience",3,
"LE","resilience",4,
"LE","resilience",5,
"LE","resilience",6,
"LE","resilience",7,
"LE","resilience",8,
"LE","resilience",9,
"LE","resilience",10,
"LE","resilience",11,
"LE","resilience",12,
"LE","resilience",13,
"LE","resilience",14,
"LE","resilience",15,
"LE","resilience",16,
"LE","resilience",17,
"LE","resilience",18,
"LE","resilience",19,
"LE","resilience",20,
"LE","resilience",21,
"LE","resilience",22,
"LE","resilience",23,
"LE","resilience",24,
"LE","resilience",25,
"LE","resilience",26,
"LE","resilience",27,
"LE","resilience",28,
"LE","resilience",29,
"LE","resilience",30,
"LE","resilience",31,
"LE","resilience",32,
"LE","resilience",33,
"LE","resilience",34,
"LE","resilience",35,
"LE","resilience",36,
"LE","resilience",37,
"LE","resilience",38,
"LE","resilience",39,
"LE","resilience",40,
"LE","resilience",41,
"LE","resilience",42,
"LE","score",0,40.72
"LE","score",1,49.25
"LE","score",2,49.25
"LE","score",3,0
"LE","score",4,0
"LE","score",5,48.5
"LE","score",6,50
"LE","score",7,48.5
"LE","score",8,0
"LE","score",9,48.5
"LE","score",10,0
"LE","score",11,48.5
"LE","score",12,50
"LE","score",13,0
"LE","score",14,44.13
"LE","score",15,48.5
"LE","score",16,
"LE","score",17,49
"LE","score",18,50
"LE","score",19,0
"LE","score",20,49
"LE","score",21,50
"LE","score",22,0
"LE","score",23,50
"LE","score",24,49.75
"LE","score",25,43.66
"LE","score",26,48.75
"LE","score",27,50
"LE","score",28,43.89
"LE","score",29,50
"LE","score",30,0
"LE","score",31,43.66
"LE","score",32,0
"LE","score",33,0
"LE","score",34,49.75
"LE","score",35,50
"LE","score",36,50
"LE","score",37,50
"LE","score",38,50
"LE","score",39,50
"LE","score",40,
"LE","score",41,50
"LE","score",42,
"LE","status",0,40.52
"LE","status",1,48.5
"LE","status",2,48.5
"LE","status",3,0
"LE","status",4,0
"LE","status",5,47
"LE","status",6,50
"LE","status",7,47
"LE","status",8,0
"LE","status",9,47
"LE","status",10,0
"LE","status",11,47
"LE","status",12,50
"LE","status",13,0
"LE","status",14,42
"LE","status",15,47
"LE","status",16,0
"LE","status",17,48
"LE","status",18,50
"LE","status",19,0
"LE","status",20,48
"LE","status",21,50
"LE","status",22,0
"LE","status",23,50
"LE","status",24,49.5
"LE","status",25,43.5
"LE","status",26,47.5
"LE","status",27,50
"LE","status",28,43.5
"LE","status",29,50
"LE","status",30,0
"LE","status",31,43.5
"LE","status",32,0
"LE","status",33,0
"LE","status",34,49.5
"LE","status",35,50
"LE","status",36,50
"LE","status",37,50
"LE","status",38,50
"LE","status",39,50
"LE","status",40,50
"LE","status",41,50
"LE","status",42,50
"LE","trend",1,-0.01
"LE","trend",2,0
"LE","trend",3,0
"LE","trend",4,0
"LE","trend",5,-0.03
"LE","trend",6,0
"LE","trend",7,0
"LE","trend",8,0
"LE","trend",9,0
"LE","trend",10,0
"LE","trend",11,-0.03
"LE","trend",12,0
"LE","trend",13,0
"LE","trend",14,-0.06
"LE","trend",15,0
"LE","trend",16,0
"LE","trend",17,-0.02
"LE","trend",18,0.01
"LE","trend",19,0
"LE","trend",20,0.05
"LE","trend",21,0
"LE","trend",22,0
"LE","trend",23,0
"LE","trend",24,0.1
"LE","trend",25,-0.08
"LE","trend",26,0
"LE","trend",27,0
"LE","trend",28,-0.08
"LE","trend",29,0
"LE","trend",30,0
"LE","trend",31,-0.08
"LE","trend",32,0
"LE","trend",33,0
"LE","trend",34,0
"LE","trend",35,0
"LE","trend",36,0.07
"LE","trend",37,0.01
"LE","trend",38,0.02
"LE","trend",39,0
"LE","trend",40,0
"LE","trend",41,0.02
"LE","trend",42,0
"LIV","future",0,0
"LIV","future",1,0
"LIV","future",2,0
"LIV","future",3,0
"LIV","future",4,0
"LIV","future",5,0
"LIV","future",6,0
"LIV","future",7,0
"LIV","future",8,0
"LIV","future",9,0
"LIV","future",10,0
"LIV","future",11,0
"LIV","future",12,0
"LIV","future",13,0
"LIV","future",14,0
"LIV","future",15,0
"LIV","future",16,
"LIV","future",17,0
"LIV","future",18,0
"LIV","future",19,0
"LIV","future",20,0
"LIV","future",21,0
"LIV","future",22,0
"LIV","future",23,0
"LIV","future",24,0
"LIV","future",25,0
"LIV","future",26,0
"LIV","future",27,0
"LIV","future",28,0
"LIV","future",29,0
"LIV","future",30,0
"LIV","future",31,0
"LIV","future",32,0
"LIV","future",33,0
"LIV","future",34,0
"LIV","future",35,0
"LIV","future",36,0
"LIV","future",37,0
"LIV","future",38,0
"LIV","future",39,0
"LIV","future",40,
"LIV","future",41,0
"LIV","future",42,
"LIV","pressures",1,14.55
"LIV","pressures",2,18.28
"LIV","pressures",3,18.3
"LIV","pressures",4,21.14
"LIV","pressures",5,14.47
"LIV","pressures",6,18.28
"LIV","pressures",7,18.25
"LIV","pressures",8,21.17
"LIV","pressures",9,18.27
"LIV","pressures",10,21.11
"LIV","pressures",11,27.34
"LIV","pressures",12,31.15
"LIV","pressures",13,34.07
"LIV","pressures",14,27.35
"LIV","pressures",15,31.13
"LIV","pressures",16,77.21
"LIV","pressures",17,36.73
"LIV","pressures",18,36.87
"LIV","pressures",19,48.66
"LIV","pressures",20,27.33
"LIV","pressures",21,36.99
"LIV","pressures",22,48.67
"LIV","pressures",23,37.12
"LIV","pressures",24,38.42
"LIV","pressures",25,33.77
"LIV","pressures",26,27.41
"LIV","pressures",27,35.4
"LIV","pressures",28,30.5
"LIV","pressures",29,27.34
"LIV","pressures",30,28.05
"LIV","pressures",31,33.76
"LIV","pressures",32,30.11
"LIV","pressures",33,52.25
"LIV","pressures",34,36.13
"LIV","pressures",35,14.47
"LIV","pressures",36,14.96
"LIV","pressures",37,14.66
"LIV","pressures",38,14.93
"LIV","pressures",39,17.75
"LIV","pressures",40,19.71
"LIV","pressures",41,17.76
"LIV","pressures",42,19.71
"LIV","resilience",1,60.47
"LIV","resilience",2,53.55
"LIV","resilience",3,53.55
"LIV","resilience",4,54.34
"LIV","resilience",5,60.47
"LIV","resilience",6,53.55
"LIV","resilience",7,53.55
"LIV","resilience",8,54.34
"LIV","resilience",9,53.55
"LIV","resilience",10,54.34
"LIV","resilience",11,60.47
"LIV","resilience",12,53.55
"LIV","resilience",13,54.34
"LIV","resilience",14,60.47
"LIV","resilience",15,53.55
"LIV","resilience",16,
"LIV","resilience",17,53.05
"LIV","resilience",18,53.05
"LIV","resilience",19,45.43
"LIV","resilience",20,60.47
"LIV","resilience",21,53.05
"LIV","resilience",22,45.43
"LIV","resilience",23,60.19
"LIV","resilience",24,46.03
"LIV","resilience",25,55.75
"LIV","resilience",26,60.47
"LIV","resilience",27,46.03
"LIV","resilience",28,55.75
"LIV","resilience",29,60.47
"LIV","resilience",30,67.05
"LIV","resilience",31,55.75
"LIV","resilience",32,67.05
"LIV","resilience",33,45.43
"LIV","resilience",34,55.75
"LIV","resilience",35,60.47
"LIV","resilience",36,67.05
"LIV","resilience",37,60.47
"LIV","resilience",38,67.05
"LIV","resilience",39,60.47
"LIV","resilience",40,
"LIV","resilience",41,60.47
"LIV","resilience",42,
"LIV","score",0,0
"LIV","score",1,0
"LIV","score",2,0
"LIV","score",3,0
"LIV","score",4,0
"LIV","score",5,0
"LIV","score",6,0
"LIV","score",7,0
"LIV","score",8,0
"LIV","score",9,0
"LIV","score",10,0
"LIV","score",11,0
"LIV","score",12,0
"LIV","score",13,0
"LIV","score",14,0
"LIV","score",15,0
"LIV","score",16,
"LIV","score",17,0
"LIV","score",18,0
"LIV","score",19,0
"LIV","score",20,0
"LIV","score",21,0
"LIV","score",22,0
"LIV","score",23,0
"LIV","score",24,0
"LIV","score",25,0
"LIV","score",26,0
"LIV","score",27,0
"LIV","score",28,0
"LIV","score",29,0
"LIV","score",30,0
"LIV","score",31,0
"LIV","score",32,0
"LIV","score",33,0
"LIV","score",34,0
"LIV","score",35,0
"LIV","score",36,0
"LIV","score",37,0
"LIV","score",38,0
"LIV","score",39,0
"LIV","score",40,
"LIV","score",41,0
"LIV","score",42,
"LIV","status",0,0
"LIV","status",1,0
"LIV","status",2,0
"LIV","status",3,0
"LIV","status",4,0
"LIV","status",5,0
"LIV","status",6,0
"LIV","status",7,0
"LIV","status",8,0
"LIV","status",9,0
"LIV","status",10,0
"LIV","status",11,0
"LIV","status",12,0
"LIV","status",13,0
"LIV","status",14,0
"LIV","status",15,0
"LIV","status",16,0
"LIV","status",17,0
"LIV","status",18,0
"LIV","status",19,0
"LIV","status",20,0
"LIV","status",21,0
"LIV","status",22,0
"LIV","status",23,0
"LIV","status",24,0
"LIV","status",25,0
"LIV","status",26,0
"LIV","status",27,0
"LIV","status",28,0
"LIV","status",29,0
"LIV","status",30,0
"LIV","status",31,0
"LIV","status",32,0
"LIV","status",33,0
"LIV","status",34,0
"LIV","status",35,0
"LIV","status",36,0
"LIV","status",37,0
"LIV","status",38,0
"LIV","status",39,0
"LIV","status",40,0
"LIV","status",41,0
"LIV","status",42,0
"LIV","trend",1,0
"LIV","trend",2,0
"LIV","trend",3,0
"LIV","trend",4,0
"LIV","trend",5,0
"LIV","trend",6,0
"LIV","trend",7,0
"LIV","trend",8,0
"LIV","trend",9,0
"LIV","trend",10,0
"LIV","trend",11,0
"LIV","trend",12,0
"LIV","trend",13,0
"LIV","trend",14,0
"LIV","trend",15,0
"LIV","trend",16,0
"LIV","trend",17,0
"LIV","trend",18,0
"LIV","trend",19,0
"LIV","trend",20,0
"LIV","trend",21,0
"LIV","trend",22,0
"LIV","trend",23,0
"LIV","trend",24,0
"LIV","trend",25,0
"LIV","trend",26,0
"LIV","trend",27,0
"LIV","trend",28,0
"LIV","trend",29,0
"LIV","trend",30,0
"LIV","trend",31,0
"LIV","trend",32,0
"LIV","trend",33,0
"LIV","trend",34,0
"LIV","trend",35,0
"LIV","trend",36,0
"LIV","trend",37,0
"LIV","trend",38,0
"LIV","trend",39,0
"LIV","trend",40,0
"LIV","trend",41,0
"LIV","trend",42,0
"LSP","future",0,99.95
"LSP","future",1,100
"LSP","future",2,100
"LSP","future",3,100
"LSP","future",4,100
"LSP","future",5,100
"LSP","future",6,100
"LSP","future",7,100
"LSP","future",8,100
"LSP","future",9,100
"LSP","future",10,100
"LSP","future",11,100
"LSP","future",12,100
"LSP","future",13,100
"LSP","future",14,100
"LSP","future",15,100
"LSP","future",16,91.75
"LSP","future",17,100
"LSP","future",18,100
"LSP","future",19,100
"LSP","future",20,100
"LSP","future",21,100
"LSP","future",22,100
"LSP","future",23,100
"LSP","future",24,100
"LSP","future",25,100
"LSP","future",26,100
"LSP","future",27,100
"LSP","future",28,100
"LSP","future",29,100
"LSP","future",30,100
"LSP","future",31,100
"LSP","future",32,100
"LSP","future",33,100
"LSP","future",34,100
"LSP","future",35,100
"LSP","future",36,100
"LSP","future",37,100
"LSP","future",38,100
"LSP","future",39,100
"LSP","future",40,100
"LSP","future",41,100
"LSP","future",42,100
"LSP","pressures",1,11.34
"LSP","pressures",2,12.23
"LSP","pressures",3,12.35
"LSP","pressures",4,26.16
"LSP","pressures",5,10.95
"LSP","pressures",6,12.22
"LSP","pressures",7,12.11
"LSP","pressures",8,26.3
"LSP","pressures",9,12.19
"LSP","pressures",10,25.98
"LSP","pressures",11,20.63
"LSP","pressures",12,21.91
"LSP","pressures",13,31.28
"LSP","pressures",14,20.66
"LSP","pressures",15,21.83
"LSP","pressures",16,97.72
"LSP","pressures",17,36.72
"LSP","pressures",18,37.45
"LSP","pressures",19,51.9
"LSP","pressures",20,20.58
"LSP","pressures",21,38.02
"LSP","pressures",22,51.95
"LSP","pressures",23,37.1
"LSP","pressures",24,35.49
"LSP","pressures",25,29.25
"LSP","pressures",26,20.96
"LSP","pressures",27,34.29
"LSP","pressures",28,26.8
"LSP","pressures",29,20.62
"LSP","pressures",30,22.24
"LSP","pressures",31,29.16
"LSP","pressures",32,27.17
"LSP","pressures",33,51.93
"LSP","pressures",34,34.8
"LSP","pressures",35,10.94
"LSP","pressures",36,11.5
"LSP","pressures",37,11.9
"LSP","pressures",38,11.32
"LSP","pressures",39,13.39
"LSP","pressures",40,20.52
"LSP","pressures",41,13.42
"LSP","pressures",42,20.52
"LSP","resilience",1,90.97
"LSP","resilience",2,85.85
"LSP","resilience",3,85.85
"LSP","resilience",4,88.34
"LSP","resilience",5,90.97
"LSP","resilience",6,85.85
"LSP","resilience",7,85.85
"LSP","resilience",8,88.34
"LSP","resilience",9,85.85
"LSP","resilience",10,88.34
"LSP","resilience",11,90.97
"LSP","resilience",12,85.85
"LSP","resilience",13,88.34
"LSP","resilience",14,90.97
"LSP","resilience",15,85.85
"LSP","resilience",16,72.73
"LSP","resilience",17,78.85
"LSP","resilience",18,78.85
"LSP","resilience",19,60.84
"LSP","resilience",20,90.97
"LSP","resilience",21,78.85
"LSP","resilience",22,60.84
"LSP","resilience",23,80.57
"LSP","resilience",24,78.13
"LSP","resilience",25,79.58
"LSP","resilience",26,90.97
"LSP","resilience",27,78.13
"LSP","resilience",28,79.58
"LSP","resilience",29,90.97
"LSP","resilience",30,91.4
"LSP","resilience",31,79.58
"LSP","resilience",32,91.4
"LSP","resilience",33,60.84
"LSP","resilience",34,79.58
"LSP","resilience",35,90.97
"LSP","resilience",36,91.4
"LSP","resilience",37,90.97
"LSP","resilience",38,91.4
"LSP","resilience",39,90.97
"LSP","resilience",40,72.73
"LSP","resilience",41,90.97
"LSP","resilience",42,72.73
"LSP","score",0,99.97
"LSP","score",1,100
"LSP","score",2,100
"LSP","score",3,100
"LSP","score",4,100
"LSP","score",5,100
"LSP","score",6,100
"LSP","score",7,100
"LSP","score",8,100
"LSP","score",9,100
"LSP","score",10,100
"LSP","score",11,100
"LSP","score",12,100
"LSP","score",13,100
"LSP","score",14,100
"LSP","score",15,100
"LSP","score",16,95.88
"LSP","score",17,100
"LSP","score",18,100
"LSP","score",19,100
"LSP","score",20,100
"LSP","score",21,100
"LSP","score",22,100
"LSP","score",23,100
"LSP","score",24,100
"LSP","score",25,100
"LSP","score",26,100
"LSP","score",27,100
"LSP","score",28,100
"LSP","score",29,100
"LSP","score",30,100
"LSP","score",31,100
"LSP","score",32,100
"LSP","score",33,100
"LSP","score",34,100
"LSP","score",35,100
"LSP","score",36,100
"LSP","score",37,100
"LSP","score",38,100
"LSP","score",39,100
"LSP","score",40,100
"LSP","score",41,100
"LSP","score",42,100
"LSP","status",0,100
"LSP","status",1,100
"LSP","status",2,100
"LSP","status",3,100
"LSP","status",4,100
"LSP","status",5,100
"LSP","status",6,100
"LSP","status",7,100
"LSP","status",8,100
"LSP","status",9,100
"LSP","status",10,100
"LSP","status",11,100
"LSP","status",12,100
"LSP","status",13,100
"LSP","status",14,100
"LSP","status",15,100
"LSP","status",16,100
"LSP","status",17,100
"LSP","status",18,100
"LSP","status",19,100
"LSP","status",20,100
"LSP","status",21,100
"LSP","status",22,100
"LSP","status",23,100
"LSP","status",24,100
"LSP","status",25,100
"LSP","status",26,100
"LSP","status",27,100
"LSP","status",28,100
"LSP","status",29,100
"LSP","status",30,100
"LSP","status",31,100
"LSP","status",32,100
"LSP","status",33,100
"LSP","status",34,100
"LSP","status",35,100
"LSP","status",36,100
"LSP","status",37,100
"LSP","status",38,100
"LSP","status",39,100
"LSP","status",40,100
"LSP","status",41,100
"LSP","status",42,100
"LSP","trend",1,0
"LSP","trend",2,0
"LSP","trend",3,0
"LSP","trend",4,0
"LSP","trend",5,0
"LSP","trend",6,0
"LSP","trend",7,0
"LSP","trend",8,0
"LSP","trend",9,0
"LSP","trend",10,0
"LSP","trend",11,0
"LSP","trend",12,0
"LSP","trend",13,0
"LSP","trend",14,0
"LSP","trend",15,0
"LSP","trend",16,0
"LSP","trend",17,0
"LSP","trend",18,0
"LSP","trend",19,0
"LSP","trend",20,0
"LSP","trend",21,0
"LSP","trend",22,0
"LSP","trend",23,0
"LSP","trend",24,0
"LSP","trend",25,0
"LSP","trend",26,0
"LSP","trend",27,0
"LSP","trend",28,0
"LSP","trend",29,0
"LSP","trend",30,0
"LSP","trend",31,0
"LSP","trend",32,0
"LSP","trend",33,0
"LSP","trend",34,0
"LSP","trend",35,0
"LSP","trend",36,0
"LSP","trend",37,0
"LSP","trend",38,0
"LSP","trend",39,0
"LSP","trend",40,0
"LSP","trend",41,0
"LSP","trend",42,0
"MAR","future",0,87.16
"MAR","future",1,66.99
"MAR","future",2,100
"MAR","future",3,100
"MAR","future",4,100
"MAR","future",5,66.99
"MAR","future",6,9.05
"MAR","future",7,100
"MAR","future",8,100
"MAR","future",9,100
"MAR","future",10,100
"MAR","future",11,61.63
"MAR","future",12,100
"MAR","future",13,100
"MAR","future",14,61.63
"MAR","future",15,8.39
"MAR","future",16,
"MAR","future",17,
"MAR","future",18,
"MAR","future",19,
"MAR","future",20,
"MAR","future",21,
"MAR","future",22,
"MAR","future",23,
"MAR","future",24,
"MAR","future",25,
"MAR","future",26,72.92
"MAR","future",27,
"MAR","future",28,
"MAR","future",29,72.92
"MAR","future",30,
"MAR","future",31,
"MAR","future",32,100
"MAR","future",33,
"MAR","future",34,
"MAR","future",35,78.48
"MAR","future",36,100
"MAR","future",37,100
"MAR","future",38,100
"MAR","future",39,100
"MAR","future",40,
"MAR","future",41,100
"MAR","future",42,
"MAR","pressures",1,11.7
"MAR","pressures",2,13.18
"MAR","pressures",3,13.18
"MAR","pressures",4,17.55
"MAR","pressures",5,11.7
"MAR","pressures",6,13.18
"MAR","pressures",7,13.18
"MAR","pressures",8,17.55
"MAR","pressures",9,13.18
"MAR","pressures",10,17.55
"MAR","pressures",11,40.65
"MAR","pressures",12,42.13
"MAR","pressures",13,46.51
"MAR","pressures",14,40.65
"MAR","pressures",15,42.13
"MAR","pressures",16,77.21
"MAR","pressures",17,51.62
"MAR","pressures",18,51.62
"MAR","pressures",19,62.32
"MAR","pressures",20,40.65
"MAR","pressures",21,51.62
"MAR","pressures",22,62.32
"MAR","pressures",23,51.69
"MAR","pressures",24,52.45
"MAR","pressures",25,48.58
"MAR","pressures",26,40.65
"MAR","pressures",27,45.09
"MAR","pressures",28,41.22
"MAR","pressures",29,40.65
"MAR","pressures",30,40.81
"MAR","pressures",31,48.58
"MAR","pressures",32,45.72
"MAR","pressures",33,70.38
"MAR","pressures",34,53.92
"MAR","pressures",35,11.7
"MAR","pressures",36,11.86
"MAR","pressures",37,11.7
"MAR","pressures",38,11.86
"MAR","pressures",39,19.09
"MAR","pressures",40,19.71
"MAR","pressures",41,19.09
"MAR","pressures",42,19.71
"MAR","resilience",1,88.66
"MAR","resilience",2,86.41
"MAR","resilience",3,86.41
"MAR","resilience",4,83.01
"MAR","resilience",5,88.66
"MAR","resilience",6,86.41
"MAR","resilience",7,86.41
"MAR","resilience",8,83.01
"MAR","resilience",9,86.41
"MAR","resilience",10,83.01
"MAR","resilience",11,88.66
"MAR","resilience",12,86.41
"MAR","resilience",13,83.01
"MAR","resilience",14,88.66
"MAR","resilience",15,86.41
"MAR","resilience",16,
"MAR","resilience",17,74.13
"MAR","resilience",18,74.13
"MAR","resilience",19,56.31
"MAR","resilience",20,88.66
"MAR","resilience",21,74.13
"MAR","resilience",22,56.31
"MAR","resilience",23,73.16
"MAR","resilience",24,73.94
"MAR","resilience",25,76.63
"MAR","resilience",26,88.66
"MAR","resilience",27,73.94
"MAR","resilience",28,76.63
"MAR","resilience",29,88.66
"MAR","resilience",30,86.59
"MAR","resilience",31,76.63
"MAR","resilience",32,86.59
"MAR","resilience",33,56.31
"MAR","resilience",34,76.63
"MAR","resilience",35,88.66
"MAR","resilience",36,86.59
"MAR","resilience",37,88.66
"MAR","resilience",38,86.59
"MAR","resilience",39,88.66
"MAR","resilience",40,
"MAR","resilience",41,88.66
"MAR","resilience",42,
"MAR","score",0,84.61
"MAR","score",1,61.55
"MAR","score",2,97.36
"MAR","score",3,100
"MAR","score",4,100
"MAR","score",5,61.55
"MAR","score",6,8.02
"MAR","score",7,100
"MAR","score",8,100
"MAR","score",9,100
"MAR","score",10,100
"MAR","score",11,58.87
"MAR","score",12,100
"MAR","score",13,100
"MAR","score",14,58.87
"MAR","score",15,7.69
"MAR","score",16,
"MAR","score",17,
"MAR","score",18,
"MAR","score",19,
"MAR","score",20,
"MAR","score",21,
"MAR","score",22,
"MAR","score",23,
"MAR","score",24,
"MAR","score",25,
"MAR","score",26,65.57
"MAR","score",27,
"MAR","score",28,
"MAR","score",29,65.57
"MAR","score",30,
"MAR","score",31,
"MAR","score",32,90.62
"MAR","score",33,
"MAR","score",34,
"MAR","score",35,68.36
"MAR","score",36,100
"MAR","score",37,100
"MAR","score",38,100
"MAR","score",39,100
"MAR","score",40,
"MAR","score",41,100
"MAR","score",42,
"MAR","status",0,78.37
"MAR","status",1,56.12
"MAR","status",2,94.73
"MAR","status",3,100
"MAR","status",4,100
"MAR","status",5,56.12
"MAR","status",6,6.99
"MAR","status",7,100
"MAR","status",8,100
"MAR","status",9,100
"MAR","status",10,100
"MAR","status",11,56.12
"MAR","status",12,100
"MAR","status",13,100
"MAR","status",14,56.12
"MAR","status",15,6.99
"MAR","status",16,100
"MAR","status",17,
"MAR","status",18,
"MAR","status",19,
"MAR","status",20,
"MAR","status",21,
"MAR","status",22,
"MAR","status",23,
"MAR","status",24,
"MAR","status",25,
"MAR","status",26,58.23
"MAR","status",27,
"MAR","status",28,
"MAR","status",29,58.23
"MAR","status",30,
"MAR","status",31,
"MAR","status",32,81.24
"MAR","status",33,
"MAR","status",34,
"MAR","status",35,58.23
"MAR","status",36,100
"MAR","status",37,100
"MAR","status",38,100
"MAR","status",39,100
"MAR","status",40,53.52
"MAR","status",41,100
"MAR","status",42,24.96
"MAR","trend",1,-0.09
"MAR","trend",2,0.31
"MAR","trend",3,0
"MAR","trend",4,0
"MAR","trend",5,-0.09
"MAR","trend",6,0.08
"MAR","trend",7,0
"MAR","trend",8,0
"MAR","trend",9,0
"MAR","trend",10,0
"MAR","trend",11,-0.09
"MAR","trend",12,0
"MAR","trend",13,0
"MAR","trend",14,-0.09
"MAR","trend",15,0.08
"MAR","trend",16,0
"MAR","trend",17,
"MAR","trend",18,
"MAR","trend",19,
"MAR","trend",20,
"MAR","trend",21,
"MAR","trend",22,
"MAR","trend",23,
"MAR","trend",24,
"MAR","trend",25,
"MAR","trend",26,0.14
"MAR","trend",27,
"MAR","trend",28,
"MAR","trend",29,0.14
"MAR","trend",30,
"MAR","trend",31,
"MAR","trend",32,0.4
"MAR","trend",33,
"MAR","trend",34,
"MAR","trend",35,0.14
"MAR","trend",36,0.06
"MAR","trend",37,0
"MAR","trend",38,0.22
"MAR","trend",39,0
"MAR","trend",40,-0.37
"MAR","trend",41,0
"MAR","trend",42,-0.44
"SP","future",0,50.42
"SP","future",1,50.44
"SP","future",2,50.43
"SP","future",3,50.43
"SP","future",4,50.42
"SP","future",5,50.45
"SP","future",6,50.45
"SP","future",7,50.46
"SP","future",8,50.45
"SP","future",9,50.46
"SP","future",10,50.45
"SP","future",11,50.46
"SP","future",12,50.46
"SP","future",13,50.45
"SP","future",14,50.46
"SP","future",15,50.46
"SP","future",16,46.31
"SP","future",17,50.43
"SP","future",18,50.41
"SP","future",19,50.38
"SP","future",20,50.45
"SP","future",21,50.42
"SP","future",22,50.38
"SP","future",23,50.42
"SP","future",24,50.42
"SP","future",25,50.43
"SP","future",26,50.45
"SP","future",27,50.43
"SP","future",28,50.45
"SP","future",29,50.46
"SP","future",30,50.47
"SP","future",31,50.45
"SP","future",32,50.46
"SP","future",33,50.39
"SP","future",34,50.44
"SP","future",35,50.47
"SP","future",36,50.47
"SP","future",37,50.47
"SP","future",38,50.47
"SP","future",39,50.45
"SP","future",40,50.45
"SP","future",41,50.45
"SP","future",42,50.45
"SP","pressures",1,
"SP","pressures",2,
"SP","pressures",3,
"SP","pressures",4,
"SP","pressures",5,
"SP","pressures",6,
"SP","pressures",7,
"SP","pressures",8,
"SP","pressures",9,
"SP","pressures",10,
"SP","pressures",11,
"SP","pressures",12,
"SP","pressures",13,
"SP","pressures",14,
"SP","pressures",15,
"SP","pressures",16,
"SP","pressures",17,
"SP","pressures",18,
"SP","pressures",19,
"SP","pressures",20,
"SP","pressures",21,
"SP","pressures",22,
"SP","pressures",23,
"SP","pressures",24,
"SP","pressures",25,
"SP","pressures",26,
"SP","pressures",27,
"SP","pressures",28,
"SP","pressures",29,
"SP","pressures",30,
"SP","pressures",31,
"SP","pressures",32,
"SP","pressures",33,
"SP","pressures",34,
"SP","pressures",35,
"SP","pressures",36,
"SP","pressures",37,
"SP","pressures",38,
"SP","pressures",39,
"SP","pressures",40,
"SP","pressures",41,
"SP","pressures",42,
"SP","resilience",1,
"SP","resilience",2,
"SP","resilience",3,
"SP","resilience",4,
"SP","resilience",5,
"SP","resilience",6,
"SP","resilience",7,
"SP","resilience",8,
"SP","resilience",9,
"SP","resilience",10,
"SP","resilience",11,
"SP","resilience",12,
"SP","resilience",13,
"SP","resilience",14,
"SP","resilience",15,
"SP","resilience",16,
"SP","resilience",17,
"SP","resilience",18,
"SP","resilience",19,
"SP","resilience",20,
"SP","resilience",21,
"SP","resilience",22,
"SP","resilience",23,
"SP","resilience",24,
"SP","resilience",25,
"SP","resilience",26,
"SP","resilience",27,
"SP","resilience",28,
"SP","resilience",29,
"SP","resilience",30,
"SP","resilience",31,
"SP","resilience",32,
"SP","resilience",33,
"SP","resilience",34,
"SP","resilience",35,
"SP","resilience",36,
"SP","resilience",37,
"SP","resilience",38,
"SP","resilience",39,
"SP","resilience",40,
"SP","resilience",41,
"SP","resilience",42,
"SP","score",0,50.39
"SP","score",1,50.39
"SP","score",2,50.39
"SP","score",3,50.39
"SP","score",4,50.39
"SP","score",5,50.41
"SP","score",6,50.41
"SP","score",7,50.42
"SP","score",8,50.41
"SP","score",9,50.42
"SP","score",10,50.41
"SP","score",11,50.42
"SP","score",12,50.42
"SP","score",13,50.41
"SP","score",14,50.42
"SP","score",15,50.42
"SP","score",16,48.34
"SP","score",17,50.4
"SP","score",18,50.39
"SP","score",19,50.37
"SP","score",20,50.41
"SP","score",21,50.39
"SP","score",22,50.37
"SP","score",23,50.39
"SP","score",24,50.39
"SP","score",25,50.4
"SP","score",26,50.41
"SP","score",27,50.4
"SP","score",28,50.41
"SP","score",29,50.42
"SP","score",30,50.42
"SP","score",31,50.41
"SP","score",32,50.42
"SP","score",33,50.38
"SP","score",34,50.41
"SP","score",35,50.42
"SP","score",36,50.42
"SP","score",37,50.42
"SP","score",38,50.42
"SP","score",39,50.41
"SP","score",40,50.41
"SP","score",41,50.41
"SP","score",42,50.41
"SP","status",0,50.37
"SP","status",1,50.35
"SP","status",2,50.35
"SP","status",3,50.35
"SP","status",4,50.35
"SP","status",5,50.36
"SP","status",6,50.36
"SP","status",7,50.38
"SP","status",8,50.38
"SP","status",9,50.38
"SP","status",10,50.38
"SP","status",11,50.38
"SP","status",12,50.38
"SP","status",13,50.38
"SP","status",14,50.38
"SP","status",15,50.38
"SP","status",16,50.38
"SP","status",17,50.38
"SP","status",18,50.36
"SP","status",19,50.36
"SP","status",20,50.36
"SP","status",21,50.36
"SP","status",22,50.36
"SP","status",23,50.36
"SP","status",24,50.36
"SP","status",25,50.36
"SP","status",26,50.36
"SP","status",27,50.38
"SP","status",28,50.38
"SP","status",29,50.38
"SP","status",30,50.38
"SP","status",31,50.38
"SP","status",32,50.38
"SP","status",33,50.38
"SP","status",34,50.38
"SP","status",35,50.38
"SP","status",36,50.38
"SP","status",37,50.38
"SP","status",38,50.38
"SP","status",39,50.36
"SP","status",40,50.36
"SP","status",41,50.36
"SP","status",42,50.36
"SP","trend",1,0
"SP","trend",2,0
"SP","trend",3,0
"SP","trend",4,0
"SP","trend",5,0
"SP","trend",6,0
"SP","trend",7,0
"SP","trend",8,0
"SP","trend",9,0
"SP","trend",10,0
"SP","trend",11,0
"SP","trend",12,0
"SP","trend",13,0
"SP","trend",14,0
"SP","trend",15,0
"SP","trend",16,0
"SP","trend",17,0
"SP","trend",18,0
"SP","trend",19,0
"SP","trend",20,0
"SP","trend",21,0
"SP","trend",22,0
"SP","trend",23,0
"SP","trend",24,0
"SP","trend",25,0
"SP","trend",26,0
"SP","trend",27,0
"SP","trend",28,0
"SP","trend",29,0
"SP","trend",30,0
"SP","trend",31,0
"SP","trend",32,0
"SP","trend",33,0
"SP","trend",34,0
"SP","trend",35,0
"SP","trend",36,0
"SP","trend",37,0
"SP","trend",38,0
"SP","trend",39,0
"SP","trend",40,0
"SP","trend",41,0
"SP","trend",42,0
"SPP","future",0,95.3
"SPP","future",1,91.65
"SPP","future",2,89.72
"SPP","future",3,92.16
"SPP","future",4,94.62
"SPP","future",5,94.2
"SPP","future",6,90.96
"SPP","future",7,94.66
"SPP","future",8,91.05
"SPP","future",9,93.37
"SPP","future",10,92.23
"SPP","future",11,94.19
"SPP","future",12,92.15
"SPP","future",13,90.97
"SPP","future",14,95.45
"SPP","future",15,97.04
"SPP","future",16,97.07
"SPP","future",17,91.02
"SPP","future",18,95.58
"SPP","future",19,89.59
"SPP","future",20,100
"SPP","future",21,97.8
"SPP","future",22,89.55
"SPP","future",23,97.63
"SPP","future",24,95.9
"SPP","future",25,97.95
"SPP","future",26,95.38
"SPP","future",27,95.76
"SPP","future",28,96.81
"SPP","future",29,100
"SPP","future",30,100
"SPP","future",31,97.96
"SPP","future",32,97.61
"SPP","future",33,82.13
"SPP","future",34,96.73
"SPP","future",35,100
"SPP","future",36,98.99
"SPP","future",37,97.81
"SPP","future",38,97.78
"SPP","future",39,97.95
"SPP","future",40,95.64
"SPP","future",41,92.96
"SPP","future",42,90.54
"SPP","pressures",1,15.66
"SPP","pressures",2,21.52
"SPP","pressures",3,21.46
"SPP","pressures",4,24.76
"SPP","pressures",5,15.34
"SPP","pressures",6,21.4
"SPP","pressures",7,21.17
"SPP","pressures",8,24.69
"SPP","pressures",9,21.45
"SPP","pressures",10,24.75
"SPP","pressures",11,15.41
"SPP","pressures",12,21.49
"SPP","pressures",13,25.01
"SPP","pressures",14,15.31
"SPP","pressures",15,21.33
"SPP","pressures",16,16.2
"SPP","pressures",17,25.88
"SPP","pressures",18,26.27
"SPP","pressures",19,41.18
"SPP","pressures",20,15.37
"SPP","pressures",21,26.67
"SPP","pressures",22,41.31
"SPP","pressures",23,26.66
"SPP","pressures",24,27.63
"SPP","pressures",25,22.83
"SPP","pressures",26,15.57
"SPP","pressures",27,28.16
"SPP","pressures",28,22.69
"SPP","pressures",29,15.39
"SPP","pressures",30,17.09
"SPP","pressures",31,22.78
"SPP","pressures",32,16.95
"SPP","pressures",33,41.49
"SPP","pressures",34,22.97
"SPP","pressures",35,15.26
"SPP","pressures",36,16.4
"SPP","pressures",37,15.77
"SPP","pressures",38,16.31
"SPP","pressures",39,15.25
"SPP","pressures",40,7.48
"SPP","pressures",41,15.36
"SPP","pressures",42,8.03
"SPP","resilience",1,87.92
"SPP","resilience",2,85.89
"SPP","resilience",3,85.89
"SPP","resilience",4,84.69
"SPP","resilience",5,87.92
"SPP","resilience",6,85.89
"SPP","resilience",7,85.89
"SPP","resilience",8,84.69
"SPP","resilience",9,85.89
"SPP","resilience",10,84.69
"SPP","resilience",11,87.92
"SPP","resilience",12,85.89
"SPP","resilience",13,84.69
"SPP","resilience",14,87.92
"SPP","resilience",15,85.89
"SPP","resilience",16,80.85
"SPP","resilience",17,76.47
"SPP","resilience",18,76.47
"SPP","resilience",19,57.53
"SPP","resilience",20,87.92
"SPP","resilience",21,76.47
"SPP","resilience",22,57.53
"SPP","resilience",23,75.83
"SPP","resilience",24,74.73
"SPP","resilience",25,77.41
"SPP","resilience",26,87.92
"SPP","resilience",27,74.73
"SPP","resilience",28,77.41
"SPP","resilience",29,87.92
"SPP","resilience",30,88.34
"SPP","resilience",31,77.41
"SPP","resilience",32,88.34
"SPP","resilience",33,57.53
"SPP","resilience",34,77.41
"SPP","resilience",35,87.92
"SPP","resilience",36,88.34
"SPP","resilience",37,87.92
"SPP","resilience",38,88.34
"SPP","resilience",39,87.92
"SPP","resilience",40,80.85
"SPP","resilience",41,87.92
"SPP","resilience",42,80.85
"SPP","score",0,87.25
"SPP","score",1,82.82
"SPP","score",2,81.86
"SPP","score",3,84.08
"SPP","score",4,86.81
"SPP","score",5,85.1
"SPP","score",6,82.98
"SPP","score",7,86.33
"SPP","score",8,83.52
"SPP","score",9,85.19
"SPP","score",10,84.62
"SPP","score",11,85.09
"SPP","score",12,84.08
"SPP","score",13,83.48
"SPP","score",14,86.23
"SPP","score",15,88.52
"SPP","score",16,88.53
"SPP","score",17,84.51
"SPP","score",18,88.79
"SPP","score",19,87.29
"SPP","score",20,91
"SPP","score",21,90.9
"SPP","score",22,87.27
"SPP","score",23,90.81
"SPP","score",24,89.45
"SPP","score",25,90.47
"SPP","score",26,86.19
"SPP","score",27,89.38
"SPP","score",28,89.4
"SPP","score",29,91
"SPP","score",30,90.5
"SPP","score",31,90.48
"SPP","score",32,88.31
"SPP","score",33,80.06
"SPP","score",34,89.37
"SPP","score",35,91.5
"SPP","score",36,89.5
"SPP","score",37,88.4
"SPP","score",38,88.39
"SPP","score",39,88.47
"SPP","score",40,86.32
"SPP","score",41,83.98
"SPP","score",42,81.77
"SPP","status",0,79.2
"SPP","status",1,74
"SPP","status",2,74
"SPP","status",3,76
"SPP","status",4,79
"SPP","status",5,76
"SPP","status",6,75
"SPP","status",7,78
"SPP","status",8,76
"SPP","status",9,77
"SPP","status",10,77
"SPP","status",11,76
"SPP","status",12,76
"SPP","status",13,76
"SPP","status",14,77
"SPP","status",15,80
"SPP","status",16,80
"SPP","status",17,78
"SPP","status",18,82
"SPP","status",19,85
"SPP","status",20,82
"SPP","status",21,84
"SPP","status",22,85
"SPP","status",23,84
"SPP","status",24,83
"SPP","status",25,83
"SPP","status",26,77
"SPP","status",27,83
"SPP","status",28,82
"SPP","status",29,82
"SPP","status",30,81
"SPP","status",31,83
"SPP","status",32,79
"SPP","status",33,78
"SPP","status",34,82
"SPP","status",35,83
"SPP","status",36,80
"SPP","status",37,79
"SPP","status",38,79
"SPP","status",39,79
"SPP","status",40,77
"SPP","status",41,75
"SPP","status",42,73
"SPP","trend",1,0
"SPP","trend",2,0
"SPP","trend",3,0
"SPP","trend",4,0
"SPP","trend",5,0
"SPP","trend",6,0
"SPP","trend",7,0
"SPP","trend",8,0
"SPP","trend",9,0
"SPP","trend",10,0
"SPP","trend",11,0
"SPP","trend",12,0
"SPP","trend",13,0
"SPP","trend",14,0
"SPP","trend",15,0
"SPP","trend",16,0
"SPP","trend",17,0
"SPP","trend",18,0
"SPP","trend",19,0
"SPP","trend",20,0
"SPP","trend",21,0
"SPP","trend",22,0
"SPP","trend",23,0
"SPP","trend",24,0
"SPP","trend",25,0
"SPP","trend",26,0
"SPP","trend",27,0
"SPP","trend",28,0
"SPP","trend",29,0
"SPP","trend",30,0
"SPP","trend",31,0
"SPP","trend",32,0
"SPP","trend",33,0
"SPP","trend",34,0
"SPP","trend",35,0
"SPP","trend",36,0
"SPP","trend",37,0
"SPP","trend",38,0
"SPP","trend",39,0
"SPP","trend",40,0
"SPP","trend",41,0
"SPP","trend",42,0
"TR","future",0,78.34
"TR","future",1,100
"TR","future",2,88.41
"TR","future",3,88.41
"TR","future",4,60.56
"TR","future",5,100
"TR","future",6,88.41
"TR","future",7,88.41
"TR","future",8,60.56
"TR","future",9,88.41
"TR","future",10,60.56
"TR","future",11,100
"TR","future",12,83.41
"TR","future",13,59.97
"TR","future",14,100
"TR","future",15,83.41
"TR","future",16,
"TR","future",17,45.77
"TR","future",18,45.77
"TR","future",19,24.94
"TR","future",20,100
"TR","future",21,0
"TR","future",22,24.94
"TR","future",23,39.32
"TR","future",24,67.26
"TR","future",25,93.92
"TR","future",26,100
"TR","future",27,67.26
"TR","future",28,94.42
"TR","future",29,100
"TR","future",30,65.75
"TR","future",31,93.92
"TR","future",32,65.75
"TR","future",33,24.94
"TR","future",34,93.92
"TR","future",35,100
"TR","future",36,70.05
"TR","future",37,100
"TR","future",38,70.05
"TR","future",39,100
"TR","future",40,
"TR","future",41,100
"TR","future",42,
"TR","pressures",1,16.2
"TR","pressures",2,19.68
"TR","pressures",3,19.68
"TR","pressures",4,40.99
"TR","pressures",5,16.2
"TR","pressures",6,19.68
"TR","pressures",7,19.68
"TR","pressures",8,40.99
"TR","pressures",9,19.68
"TR","pressures",10,40.99
"TR","pressures",11,38.66
"TR","pressures",12,41.07
"TR","pressures",13,44.47
"TR","pressures",14,38.66
"TR","pressures",15,41.07
"TR","pressures",16,100
"TR","pressures",17,51.33
"TR","pressures",18,51.33
"TR","pressures",19,64.08
"TR","pressures",20,38.66
"TR","pressures",21,51.33
"TR","pressures",22,64.08
"TR","pressures",23,51.78
"TR","pressures",24,53.5
"TR","pressures",25,50.13
"TR","pressures",26,38.66
"TR","pressures",27,53.5
"TR","pressures",28,48.25
"TR","pressures",29,38.66
"TR","pressures",30,42.37
"TR","pressures",31,50.13
"TR","pressures",32,42.37
"TR","pressures",33,64.08
"TR","pressures",34,50.13
"TR","pressures",35,16.2
"TR","pressures",36,19.78
"TR","pressures",37,16.2
"TR","pressures",38,19.78
"TR","pressures",39,22.11
"TR","pressures",40,27.09
"TR","pressures",41,22.11
"TR","pressures",42,27.09
"TR","resilience",1,93.25
"TR","resilience",2,92.67
"TR","resilience",3,92.67
"TR","resilience",4,89.47
"TR","resilience",5,93.25
"TR","resilience",6,92.67
"TR","resilience",7,92.67
"TR","resilience",8,89.47
"TR","resilience",9,92.67
"TR","resilience",10,89.47
"TR","resilience",11,93.25
"TR","resilience",12,92.67
"TR","resilience",13,89.47
"TR","resilience",14,93.25
"TR","resilience",15,92.67
"TR","resilience",16,
"TR","resilience",17,83.4
"TR","resilience",18,83.4
"TR","resilience",19,67.66
"TR","resilience",20,93.25
"TR","resilience",21,83.4
"TR","resilience",22,67.66
"TR","resilience",23,82.84
"TR","resilience",24,81.53
"TR","resilience",25,85.27
"TR","resilience",26,93.25
"TR","resilience",27,81.53
"TR","resilience",28,85.27
"TR","resilience",29,93.25
"TR","resilience",30,93.67
"TR","resilience",31,85.27
"TR","resilience",32,93.67
"TR","resilience",33,67.66
"TR","resilience",34,85.27
"TR","resilience",35,93.25
"TR","resilience",36,93.67
"TR","resilience",37,93.25
"TR","resilience",38,93.67
"TR","resilience",39,93.25
"TR","resilience",40,
"TR","resilience",41,93.25
"TR","resilience",42,
"TR","score",0,75.44
"TR","score",1,100
"TR","score",2,79.64
"TR","score",3,79.64
"TR","score",4,56.3
"TR","score",5,100
"TR","score",6,79.64
"TR","score",7,79.64
"TR","score",8,56.3
"TR","score",9,79.64
"TR","score",10,56.3
"TR","score",11,100
"TR","score",12,77.14
"TR","score",13,56
"TR","score",14,100
"TR","score",15,77.14
"TR","score",16,
"TR","score",17,44.2
"TR","score",18,44.2
"TR","score",19,24.9
"TR","score",20,100
"TR","score",21,0
"TR","score",22,24.9
"TR","score",23,38.1
"TR","score",24,62.89
"TR","score",25,87.32
"TR","score",26,100
"TR","score",27,62.89
"TR","score",28,87.58
"TR","score",29,100
"TR","score",30,61.72
"TR","score",31,87.32
"TR","score",32,61.72
"TR","score",33,24.9
"TR","score",34,87.32
"TR","score",35,100
"TR","score",36,63.87
"TR","score",37,100
"TR","score",38,63.87
"TR","score",39,100
"TR","score",40,
"TR","score",41,100
"TR","score",42,
"TR","status",0,72.38
"TR","status",1,100
"TR","status",2,70.87
"TR","status",3,70.87
"TR","status",4,52.04
"TR","status",5,100
"TR","status",6,70.87
"TR","status",7,70.87
"TR","status",8,52.04
"TR","status",9,70.87
"TR","status",10,52.04
"TR","status",11,100
"TR","status",12,70.87
"TR","status",13,52.04
"TR","status",14,100
"TR","status",15,70.87
"TR","status",16,69.6
"TR","status",17,42.62
"TR","status",18,42.62
"TR","status",19,24.87
"TR","status",20,100
"TR","status",21,0
"TR","status",22,24.87
"TR","status",23,36.89
"TR","status",24,58.53
"TR","status",25,80.73
"TR","status",26,100
"TR","status",27,58.53
"TR","status",28,80.73
"TR","status",29,100
"TR","status",30,57.69
"TR","status",31,80.73
"TR","status",32,57.69
"TR","status",33,24.87
"TR","status",34,80.73
"TR","status",35,100
"TR","status",36,57.69
"TR","status",37,100
"TR","status",38,57.69
"TR","status",39,100
"TR","status",40,69.6
"TR","status",41,100
"TR","status",42,69.6
"TR","trend",1,0.13
"TR","trend",2,0.01
"TR","trend",3,0.01
"TR","trend",4,0.01
"TR","trend",5,0.13
"TR","trend",6,0.01
"TR","trend",7,0.01
"TR","trend",8,0.01
"TR","trend",9,0.01
"TR","trend",10,0.01
"TR","trend",11,0.13
"TR","trend",12,0.01
"TR","trend",13,0.01
"TR","trend",14,0.13
"TR","trend",15,0.01
"TR","trend",16,0.04
"TR","trend",17,-0.05
"TR","trend",18,-0.05
"TR","trend",19,-0.01
"TR","trend",20,0.13
"TR","trend",21,0
"TR","trend",22,-0.01
"TR","trend",23,-0.05
"TR","trend",24,0.08
"TR","trend",25,0.07
"TR","trend",26,0.13
"TR","trend",27,0.08
"TR","trend",28,0.07
"TR","trend",29,0.13
"TR","trend",30,-0.04
"TR","trend",31,0.07
"TR","trend",32,-0.04
"TR","trend",33,-0.01
"TR","trend",34,0.07
"TR","trend",35,0.13
"TR","trend",36,-0.04
"TR","trend",37,0.13
"TR","trend",38,-0.04
"TR","trend",39,0.13
"TR","trend",40,0.04
"TR","trend",41,0.13
"TR","trend",42,0.04
