"country","country_abb","rgn_id","year","value","unit","bhi_goal","data_descrip"
"Denmark","DEU",3,2000,NA,"employed people","LIV","NUTS2 Employment rate allocated to BHI region buffer population"
"Denmark","DEU",3,2001,NA,"employed people","LIV","NUTS2 Employment rate allocated to BHI region buffer population"
"Denmark","DEU",3,2002,NA,"employed people","LIV","NUTS2 Employment rate allocated to BHI region buffer population"
"Denmark","DEU",3,2003,NA,"employed people","LIV","NUTS2 Employment rate allocated to BHI region buffer population"
"Denmark","DEU",3,2004,NA,"employed people","LIV","NUTS2 Employment rate allocated to BHI region buffer population"
"Denmark","DEU",3,2005,NA,"employed people","LIV","NUTS2 Employment rate allocated to BHI region buffer population"
"Denmark","DEU",3,2006,NA,"employed people","LIV","NUTS2 Employment rate allocated to BHI region buffer population"
"Denmark","DEU",3,2007,1429.3589337072,"employed people","LIV","NUTS2 Employment rate allocated to BHI region buffer population"
"Denmark","DEU",3,2008,1436.8621302096,"employed people","LIV","NUTS2 Employment rate allocated to BHI region buffer population"
"Denmark","DEU",3,2009,1380.5881564416,"employed people","LIV","NUTS2 Employment rate allocated to BHI region buffer population"
"Denmark","DEU",3,2010,1341.196374804,"employed people","LIV","NUTS2 Employment rate allocated to BHI region buffer population"
"Denmark","DEU",3,2011,1352.4511695576,"employed people","LIV","NUTS2 Employment rate allocated to BHI region buffer population"
"Denmark","DEU",3,2012,1343.0721739296,"employed people","LIV","NUTS2 Employment rate allocated to BHI region buffer population"
"Denmark","DEU",3,2013,1326.1899817992,"employed people","LIV","NUTS2 Employment rate allocated to BHI region buffer population"
"Denmark","DEU",3,2014,1329.9415800504,"employed people","LIV","NUTS2 Employment rate allocated to BHI region buffer population"
"Denmark","DNK",2,2000,NA,"employed people","LIV","NUTS2 Employment rate allocated to BHI region buffer population"
"Denmark","DNK",2,2001,NA,"employed people","LIV","NUTS2 Employment rate allocated to BHI region buffer population"
"Denmark","DNK",2,2002,NA,"employed people","LIV","NUTS2 Employment rate allocated to BHI region buffer population"
"Denmark","DNK",2,2003,NA,"employed people","LIV","NUTS2 Employment rate allocated to BHI region buffer population"
"Denmark","DNK",2,2004,NA,"employed people","LIV","NUTS2 Employment rate allocated to BHI region buffer population"
"Denmark","DNK",2,2005,NA,"employed people","LIV","NUTS2 Employment rate allocated to BHI region buffer population"
"Denmark","DNK",2,2006,NA,"employed people","LIV","NUTS2 Employment rate allocated to BHI region buffer population"
"Denmark","DNK",2,2007,399183.553678151,"employed people","LIV","NUTS2 Employment rate allocated to BHI region buffer population"
"Denmark","DNK",2,2008,402663.170597789,"employed people","LIV","NUTS2 Employment rate allocated to BHI region buffer population"
"Denmark","DNK",2,2009,390940.309451357,"employed people","LIV","NUTS2 Employment rate allocated to BHI region buffer population"
"Denmark","DNK",2,2010,380970.935964789,"employed people","LIV","NUTS2 Employment rate allocated to BHI region buffer population"
"Denmark","DNK",2,2011,379302.960886769,"employed people","LIV","NUTS2 Employment rate allocated to BHI region buffer population"
"Denmark","DNK",2,2012,376421.72731538,"employed people","LIV","NUTS2 Employment rate allocated to BHI region buffer population"
"Denmark","DNK",2,2013,376571.374202802,"employed people","LIV","NUTS2 Employment rate allocated to BHI region buffer population"
"Denmark","DNK",2,2014,379034.317617171,"employed people","LIV","NUTS2 Employment rate allocated to BHI region buffer population"
"Denmark","DNK",3,2000,NA,"employed people","LIV","NUTS2 Employment rate allocated to BHI region buffer population"
"Denmark","DNK",3,2001,NA,"employed people","LIV","NUTS2 Employment rate allocated to BHI region buffer population"
"Denmark","DNK",3,2002,NA,"employed people","LIV","NUTS2 Employment rate allocated to BHI region buffer population"
"Denmark","DNK",3,2003,NA,"employed people","LIV","NUTS2 Employment rate allocated to BHI region buffer population"
"Denmark","DNK",3,2004,NA,"employed people","LIV","NUTS2 Employment rate allocated to BHI region buffer population"
"Denmark","DNK",3,2005,NA,"employed people","LIV","NUTS2 Employment rate allocated to BHI region buffer population"
"Denmark","DNK",3,2006,NA,"employed people","LIV","NUTS2 Employment rate allocated to BHI region buffer population"
"Denmark","DNK",3,2007,1053873.89369469,"employed people","LIV","NUTS2 Employment rate allocated to BHI region buffer population"
"Denmark","DNK",3,2008,1060497.98483511,"employed people","LIV","NUTS2 Employment rate allocated to BHI region buffer population"
"Denmark","DNK",3,2009,1023601.16398175,"employed people","LIV","NUTS2 Employment rate allocated to BHI region buffer population"
"Denmark","DNK",3,2010,995332.327271168,"employed people","LIV","NUTS2 Employment rate allocated to BHI region buffer population"
"Denmark","DNK",3,2011,999183.568107139,"employed people","LIV","NUTS2 Employment rate allocated to BHI region buffer population"
"Denmark","DNK",3,2012,989222.435132339,"employed people","LIV","NUTS2 Employment rate allocated to BHI region buffer population"
"Denmark","DNK",3,2013,981781.686503219,"employed people","LIV","NUTS2 Employment rate allocated to BHI region buffer population"
"Denmark","DNK",3,2014,984887.786288007,"employed people","LIV","NUTS2 Employment rate allocated to BHI region buffer population"
"Denmark","DNK",6,2000,NA,"employed people","LIV","NUTS2 Employment rate allocated to BHI region buffer population"
"Denmark","DNK",6,2001,NA,"employed people","LIV","NUTS2 Employment rate allocated to BHI region buffer population"
"Denmark","DNK",6,2002,NA,"employed people","LIV","NUTS2 Employment rate allocated to BHI region buffer population"
"Denmark","DNK",6,2003,NA,"employed people","LIV","NUTS2 Employment rate allocated to BHI region buffer population"
"Denmark","DNK",6,2004,NA,"employed people","LIV","NUTS2 Employment rate allocated to BHI region buffer population"
"Denmark","DNK",6,2005,NA,"employed people","LIV","NUTS2 Employment rate allocated to BHI region buffer population"
"Denmark","DNK",6,2006,NA,"employed people","LIV","NUTS2 Employment rate allocated to BHI region buffer population"
"Denmark","DNK",6,2007,517409.036085917,"employed people","LIV","NUTS2 Employment rate allocated to BHI region buffer population"
"Denmark","DNK",6,2008,526683.973992707,"employed people","LIV","NUTS2 Employment rate allocated to BHI region buffer population"
"Denmark","DNK",6,2009,510121.584873439,"employed people","LIV","NUTS2 Employment rate allocated to BHI region buffer population"
"Denmark","DNK",6,2010,496871.673578025,"employed people","LIV","NUTS2 Employment rate allocated to BHI region buffer population"
"Denmark","DNK",6,2011,491571.709059859,"employed people","LIV","NUTS2 Employment rate allocated to BHI region buffer population"
"Denmark","DNK",6,2012,489584.222365547,"employed people","LIV","NUTS2 Employment rate allocated to BHI region buffer population"
"Denmark","DNK",6,2013,492896.700189401,"employed people","LIV","NUTS2 Employment rate allocated to BHI region buffer population"
"Denmark","DNK",6,2014,493559.195754171,"employed people","LIV","NUTS2 Employment rate allocated to BHI region buffer population"
"Denmark","DNK",7,2000,NA,"employed people","LIV","NUTS2 Employment rate allocated to BHI region buffer population"
"Denmark","DNK",7,2001,NA,"employed people","LIV","NUTS2 Employment rate allocated to BHI region buffer population"
"Denmark","DNK",7,2002,NA,"employed people","LIV","NUTS2 Employment rate allocated to BHI region buffer population"
"Denmark","DNK",7,2003,NA,"employed people","LIV","NUTS2 Employment rate allocated to BHI region buffer population"
"Denmark","DNK",7,2004,NA,"employed people","LIV","NUTS2 Employment rate allocated to BHI region buffer population"
"Denmark","DNK",7,2005,NA,"employed people","LIV","NUTS2 Employment rate allocated to BHI region buffer population"
"Denmark","DNK",7,2006,NA,"employed people","LIV","NUTS2 Employment rate allocated to BHI region buffer population"
"Denmark","DNK",7,2007,6341.588741522,"employed people","LIV","NUTS2 Employment rate allocated to BHI region buffer population"
"Denmark","DNK",7,2008,6284.0872892025,"employed people","LIV","NUTS2 Employment rate allocated to BHI region buffer population"
"Denmark","DNK",7,2009,6144.440904998,"employed people","LIV","NUTS2 Employment rate allocated to BHI region buffer population"
"Denmark","DNK",7,2010,6021.2235071705,"employed people","LIV","NUTS2 Employment rate allocated to BHI region buffer population"
"Denmark","DNK",7,2011,6004.7945207935,"employed people","LIV","NUTS2 Employment rate allocated to BHI region buffer population"
"Denmark","DNK",7,2012,5914.43509572,"employed people","LIV","NUTS2 Employment rate allocated to BHI region buffer population"
"Denmark","DNK",7,2013,5881.577122966,"employed people","LIV","NUTS2 Employment rate allocated to BHI region buffer population"
"Denmark","DNK",7,2014,5939.0785752855,"employed people","LIV","NUTS2 Employment rate allocated to BHI region buffer population"
"Denmark","DNK",9,2000,NA,"employed people","LIV","NUTS2 Employment rate allocated to BHI region buffer population"
"Denmark","DNK",9,2001,NA,"employed people","LIV","NUTS2 Employment rate allocated to BHI region buffer population"
"Denmark","DNK",9,2002,NA,"employed people","LIV","NUTS2 Employment rate allocated to BHI region buffer population"
"Denmark","DNK",9,2003,NA,"employed people","LIV","NUTS2 Employment rate allocated to BHI region buffer population"
"Denmark","DNK",9,2004,NA,"employed people","LIV","NUTS2 Employment rate allocated to BHI region buffer population"
"Denmark","DNK",9,2005,NA,"employed people","LIV","NUTS2 Employment rate allocated to BHI region buffer population"
"Denmark","DNK",9,2006,NA,"employed people","LIV","NUTS2 Employment rate allocated to BHI region buffer population"
"Denmark","DNK",9,2007,4236.480057682,"employed people","LIV","NUTS2 Employment rate allocated to BHI region buffer population"
"Denmark","DNK",9,2008,4198.0663784025,"employed people","LIV","NUTS2 Employment rate allocated to BHI region buffer population"
"Denmark","DNK",9,2009,4104.776014438,"employed people","LIV","NUTS2 Employment rate allocated to BHI region buffer population"
"Denmark","DNK",9,2010,4022.4609874105,"employed people","LIV","NUTS2 Employment rate allocated to BHI region buffer population"
"Denmark","DNK",9,2011,4011.4856504735,"employed people","LIV","NUTS2 Employment rate allocated to BHI region buffer population"
"Denmark","DNK",9,2012,3951.12129732,"employed people","LIV","NUTS2 Employment rate allocated to BHI region buffer population"
"Denmark","DNK",9,2013,3929.170623446,"employed people","LIV","NUTS2 Employment rate allocated to BHI region buffer population"
"Denmark","DNK",9,2014,3967.5843027255,"employed people","LIV","NUTS2 Employment rate allocated to BHI region buffer population"
"Denmark","DNK",12,2000,NA,"employed people","LIV","NUTS2 Employment rate allocated to BHI region buffer population"
"Denmark","DNK",12,2001,NA,"employed people","LIV","NUTS2 Employment rate allocated to BHI region buffer population"
"Denmark","DNK",12,2002,NA,"employed people","LIV","NUTS2 Employment rate allocated to BHI region buffer population"
"Denmark","DNK",12,2003,NA,"employed people","LIV","NUTS2 Employment rate allocated to BHI region buffer population"
"Denmark","DNK",12,2004,NA,"employed people","LIV","NUTS2 Employment rate allocated to BHI region buffer population"
"Denmark","DNK",12,2005,NA,"employed people","LIV","NUTS2 Employment rate allocated to BHI region buffer population"
"Denmark","DNK",12,2006,NA,"employed people","LIV","NUTS2 Employment rate allocated to BHI region buffer population"
"Denmark","DNK",12,2007,490001.562828069,"employed people","LIV","NUTS2 Employment rate allocated to BHI region buffer population"
"Denmark","DNK",12,2008,494370.976970069,"employed people","LIV","NUTS2 Employment rate allocated to BHI region buffer population"
"Denmark","DNK",12,2009,480319.509884031,"employed people","LIV","NUTS2 Employment rate allocated to BHI region buffer population"
"Denmark","DNK",12,2010,468781.77626383,"employed people","LIV","NUTS2 Employment rate allocated to BHI region buffer population"
"Denmark","DNK",12,2011,465013.996962525,"employed people","LIV","NUTS2 Employment rate allocated to BHI region buffer population"
"Denmark","DNK",12,2012,461429.837223424,"employed people","LIV","NUTS2 Employment rate allocated to BHI region buffer population"
"Denmark","DNK",12,2013,462672.599469098,"employed people","LIV","NUTS2 Employment rate allocated to BHI region buffer population"
"Denmark","DNK",12,2014,464573.414504444,"employed people","LIV","NUTS2 Employment rate allocated to BHI region buffer population"
"Denmark","DNK",15,2000,NA,"employed people","LIV","NUTS2 Employment rate allocated to BHI region buffer population"
"Denmark","DNK",15,2001,NA,"employed people","LIV","NUTS2 Employment rate allocated to BHI region buffer population"
"Denmark","DNK",15,2002,NA,"employed people","LIV","NUTS2 Employment rate allocated to BHI region buffer population"
"Denmark","DNK",15,2003,NA,"employed people","LIV","NUTS2 Employment rate allocated to BHI region buffer population"
"Denmark","DNK",15,2004,NA,"employed people","LIV","NUTS2 Employment rate allocated to BHI region buffer population"
"Denmark","DNK",15,2005,NA,"employed people","LIV","NUTS2 Employment rate allocated to BHI region buffer population"
"Denmark","DNK",15,2006,NA,"employed people","LIV","NUTS2 Employment rate allocated to BHI region buffer population"
"Denmark","DNK",15,2007,18084.9343478155,"employed people","LIV","NUTS2 Employment rate allocated to BHI region buffer population"
"Denmark","DNK",15,2008,18409.1201107725,"employed people","LIV","NUTS2 Employment rate allocated to BHI region buffer population"
"Denmark","DNK",15,2009,17830.216962635,"employed people","LIV","NUTS2 Employment rate allocated to BHI region buffer population"
"Denmark","DNK",15,2010,17367.094444125,"employed people","LIV","NUTS2 Employment rate allocated to BHI region buffer population"
"Denmark","DNK",15,2011,17181.845436721,"employed people","LIV","NUTS2 Employment rate allocated to BHI region buffer population"
"Denmark","DNK",15,2012,17112.3770589445,"employed people","LIV","NUTS2 Employment rate allocated to BHI region buffer population"
"Denmark","DNK",15,2013,17228.157688572,"employed people","LIV","NUTS2 Employment rate allocated to BHI region buffer population"
"Denmark","DNK",15,2014,17251.3138144975,"employed people","LIV","NUTS2 Employment rate allocated to BHI region buffer population"
"Estonia","EST",25,2000,1664.9785736241,"employed people","LIV","NUTS2 Employment rate allocated to BHI region buffer population"
"Estonia","EST",25,2001,1656.7767087294,"employed people","LIV","NUTS2 Employment rate allocated to BHI region buffer population"
"Estonia","EST",25,2002,1678.6483484486,"employed people","LIV","NUTS2 Employment rate allocated to BHI region buffer population"
"Estonia","EST",25,2003,1705.9878980976,"employed people","LIV","NUTS2 Employment rate allocated to BHI region buffer population"
"Estonia","EST",25,2004,1727.8595378168,"employed people","LIV","NUTS2 Employment rate allocated to BHI region buffer population"
"Estonia","EST",25,2005,1771.6028172552,"employed people","LIV","NUTS2 Employment rate allocated to BHI region buffer population"
"Estonia","EST",25,2006,1870.0251959916,"employed people","LIV","NUTS2 Employment rate allocated to BHI region buffer population"
"Estonia","EST",25,2007,1908.3005655002,"employed people","LIV","NUTS2 Employment rate allocated to BHI region buffer population"
"Estonia","EST",25,2008,1916.5024303949,"employed people","LIV","NUTS2 Employment rate allocated to BHI region buffer population"
"Estonia","EST",25,2009,1744.2632676062,"employed people","LIV","NUTS2 Employment rate allocated to BHI region buffer population"
"Estonia","EST",25,2010,1673.1804385188,"employed people","LIV","NUTS2 Employment rate allocated to BHI region buffer population"
"Estonia","EST",25,2011,1785.2725920797,"employed people","LIV","NUTS2 Employment rate allocated to BHI region buffer population"
"Estonia","EST",25,2012,1834.4837814479,"employed people","LIV","NUTS2 Employment rate allocated to BHI region buffer population"
"Estonia","EST",25,2013,1872.7591509565,"employed people","LIV","NUTS2 Employment rate allocated to BHI region buffer population"
"Estonia","EST",25,2014,1902.8326555704,"employed people","LIV","NUTS2 Employment rate allocated to BHI region buffer population"
"Estonia","EST",28,2000,58852.4663160987,"employed people","LIV","NUTS2 Employment rate allocated to BHI region buffer population"
"Estonia","EST",28,2001,58562.5526889258,"employed people","LIV","NUTS2 Employment rate allocated to BHI region buffer population"
"Estonia","EST",28,2002,59335.6556947202,"employed people","LIV","NUTS2 Employment rate allocated to BHI region buffer population"
"Estonia","EST",28,2003,60302.0344519632,"employed people","LIV","NUTS2 Employment rate allocated to BHI region buffer population"
"Estonia","EST",28,2004,61075.1374577576,"employed people","LIV","NUTS2 Employment rate allocated to BHI region buffer population"
"Estonia","EST",28,2005,62621.3434693464,"employed people","LIV","NUTS2 Employment rate allocated to BHI region buffer population"
"Estonia","EST",28,2006,66100.3069954212,"employed people","LIV","NUTS2 Employment rate allocated to BHI region buffer population"
"Estonia","EST",28,2007,67453.2372555614,"employed people","LIV","NUTS2 Employment rate allocated to BHI region buffer population"
"Estonia","EST",28,2008,67743.1508827343,"employed people","LIV","NUTS2 Employment rate allocated to BHI region buffer population"
"Estonia","EST",28,2009,61654.9647121034,"employed people","LIV","NUTS2 Employment rate allocated to BHI region buffer population"
"Estonia","EST",28,2010,59142.3799432716,"employed people","LIV","NUTS2 Employment rate allocated to BHI region buffer population"
"Estonia","EST",28,2011,63104.5328479679,"employed people","LIV","NUTS2 Employment rate allocated to BHI region buffer population"
"Estonia","EST",28,2012,64844.0146110053,"employed people","LIV","NUTS2 Employment rate allocated to BHI region buffer population"
"Estonia","EST",28,2013,66196.9448711455,"employed people","LIV","NUTS2 Employment rate allocated to BHI region buffer population"
"Estonia","EST",28,2014,67259.9615041128,"employed people","LIV","NUTS2 Employment rate allocated to BHI region buffer population"
"Estonia","EST",31,2000,1539.1028199918,"employed people","LIV","NUTS2 Employment rate allocated to BHI region buffer population"
"Estonia","EST",31,2001,1531.5210327012,"employed people","LIV","NUTS2 Employment rate allocated to BHI region buffer population"
"Estonia","EST",31,2002,1551.7391321428,"employed people","LIV","NUTS2 Employment rate allocated to BHI region buffer population"
"Estonia","EST",31,2003,1577.0117564448,"employed people","LIV","NUTS2 Employment rate allocated to BHI region buffer population"
"Estonia","EST",31,2004,1597.2298558864,"employed people","LIV","NUTS2 Employment rate allocated to BHI region buffer population"
"Estonia","EST",31,2005,1637.6660547696,"employed people","LIV","NUTS2 Employment rate allocated to BHI region buffer population"
"Estonia","EST",31,2006,1728.6475022568,"employed people","LIV","NUTS2 Employment rate allocated to BHI region buffer population"
"Estonia","EST",31,2007,1764.0291762796,"employed people","LIV","NUTS2 Employment rate allocated to BHI region buffer population"
"Estonia","EST",31,2008,1771.6109635702,"employed people","LIV","NUTS2 Employment rate allocated to BHI region buffer population"
"Estonia","EST",31,2009,1612.3934304676,"employed people","LIV","NUTS2 Employment rate allocated to BHI region buffer population"
"Estonia","EST",31,2010,1546.6846072824,"employed people","LIV","NUTS2 Employment rate allocated to BHI region buffer population"
"Estonia","EST",31,2011,1650.3023669206,"employed people","LIV","NUTS2 Employment rate allocated to BHI region buffer population"
"Estonia","EST",31,2012,1695.7930906642,"employed people","LIV","NUTS2 Employment rate allocated to BHI region buffer population"
"Estonia","EST",31,2013,1731.174764687,"employed people","LIV","NUTS2 Employment rate allocated to BHI region buffer population"
"Estonia","EST",31,2014,1758.9746514192,"employed people","LIV","NUTS2 Employment rate allocated to BHI region buffer population"
"Estonia","EST",34,2000,329650.726697174,"employed people","LIV","NUTS2 Employment rate allocated to BHI region buffer population"
"Estonia","EST",34,2001,328026.83149177,"employed people","LIV","NUTS2 Employment rate allocated to BHI region buffer population"
"Estonia","EST",34,2002,332357.218706182,"employed people","LIV","NUTS2 Employment rate allocated to BHI region buffer population"
"Estonia","EST",34,2003,337770.202724198,"employed people","LIV","NUTS2 Employment rate allocated to BHI region buffer population"
"Estonia","EST",34,2004,342100.589938611,"employed people","LIV","NUTS2 Employment rate allocated to BHI region buffer population"
"Estonia","EST",34,2005,350761.364367437,"employed people","LIV","NUTS2 Employment rate allocated to BHI region buffer population"
"Estonia","EST",34,2006,370248.106832294,"employed people","LIV","NUTS2 Employment rate allocated to BHI region buffer population"
"Estonia","EST",34,2007,377826.284457517,"employed people","LIV","NUTS2 Employment rate allocated to BHI region buffer population"
"Estonia","EST",34,2008,379450.179662922,"employed people","LIV","NUTS2 Employment rate allocated to BHI region buffer population"
"Estonia","EST",34,2009,345348.380349421,"employed people","LIV","NUTS2 Employment rate allocated to BHI region buffer population"
"Estonia","EST",34,2010,331274.621902579,"employed people","LIV","NUTS2 Employment rate allocated to BHI region buffer population"
"Estonia","EST",34,2011,353467.856376445,"employed people","LIV","NUTS2 Employment rate allocated to BHI region buffer population"
"Estonia","EST",34,2012,363211.227608874,"employed people","LIV","NUTS2 Employment rate allocated to BHI region buffer population"
"Estonia","EST",34,2013,370789.405234096,"employed people","LIV","NUTS2 Employment rate allocated to BHI region buffer population"
"Estonia","EST",34,2014,376743.687653914,"employed people","LIV","NUTS2 Employment rate allocated to BHI region buffer population"
"Estonia","LVA",28,2000,0.5267920035,"employed people","LIV","NUTS2 Employment rate allocated to BHI region buffer population"
"Estonia","LVA",28,2001,0.524196969,"employed people","LIV","NUTS2 Employment rate allocated to BHI region buffer population"
"Estonia","LVA",28,2002,0.531117061,"employed people","LIV","NUTS2 Employment rate allocated to BHI region buffer population"
"Estonia","LVA",28,2003,0.539767176,"employed people","LIV","NUTS2 Employment rate allocated to BHI region buffer population"
"Estonia","LVA",28,2004,0.546687268,"employed people","LIV","NUTS2 Employment rate allocated to BHI region buffer population"
"Estonia","LVA",28,2005,0.560527452,"employed people","LIV","NUTS2 Employment rate allocated to BHI region buffer population"
"Estonia","LVA",28,2006,0.591667866,"employed people","LIV","NUTS2 Employment rate allocated to BHI region buffer population"
"Estonia","LVA",28,2007,0.603778027,"employed people","LIV","NUTS2 Employment rate allocated to BHI region buffer population"
"Estonia","LVA",28,2008,0.6063730615,"employed people","LIV","NUTS2 Employment rate allocated to BHI region buffer population"
"Estonia","LVA",28,2009,0.551877337,"employed people","LIV","NUTS2 Employment rate allocated to BHI region buffer population"
"Estonia","LVA",28,2010,0.529387038,"employed people","LIV","NUTS2 Employment rate allocated to BHI region buffer population"
"Estonia","LVA",28,2011,0.5648525095,"employed people","LIV","NUTS2 Employment rate allocated to BHI region buffer population"
"Estonia","LVA",28,2012,0.5804227165,"employed people","LIV","NUTS2 Employment rate allocated to BHI region buffer population"
"Estonia","LVA",28,2013,0.5925328775,"employed people","LIV","NUTS2 Employment rate allocated to BHI region buffer population"
"Estonia","LVA",28,2014,0.602048004,"employed people","LIV","NUTS2 Employment rate allocated to BHI region buffer population"
"Estonia","RUS",34,2000,1922.1194846091,"employed people","LIV","NUTS2 Employment rate allocated to BHI region buffer population"
"Estonia","RUS",34,2001,1912.6509157194,"employed people","LIV","NUTS2 Employment rate allocated to BHI region buffer population"
"Estonia","RUS",34,2002,1937.9004327586,"employed people","LIV","NUTS2 Employment rate allocated to BHI region buffer population"
"Estonia","RUS",34,2003,1969.4623290576,"employed people","LIV","NUTS2 Employment rate allocated to BHI region buffer population"
"Estonia","RUS",34,2004,1994.7118460968,"employed people","LIV","NUTS2 Employment rate allocated to BHI region buffer population"
"Estonia","RUS",34,2005,2045.2108801752,"employed people","LIV","NUTS2 Employment rate allocated to BHI region buffer population"
"Estonia","RUS",34,2006,2158.8337068516,"employed people","LIV","NUTS2 Employment rate allocated to BHI region buffer population"
"Estonia","RUS",34,2007,2203.0203616702,"employed people","LIV","NUTS2 Employment rate allocated to BHI region buffer population"
"Estonia","RUS",34,2008,2212.4889305599,"employed people","LIV","NUTS2 Employment rate allocated to BHI region buffer population"
"Estonia","RUS",34,2009,2013.6489838762,"employed people","LIV","NUTS2 Employment rate allocated to BHI region buffer population"
"Estonia","RUS",34,2010,1931.5880534988,"employed people","LIV","NUTS2 Employment rate allocated to BHI region buffer population"
"Estonia","RUS",34,2011,2060.9918283247,"employed people","LIV","NUTS2 Employment rate allocated to BHI region buffer population"
"Estonia","RUS",34,2012,2117.8032416629,"employed people","LIV","NUTS2 Employment rate allocated to BHI region buffer population"
"Estonia","RUS",34,2013,2161.9898964815,"employed people","LIV","NUTS2 Employment rate allocated to BHI region buffer population"
"Estonia","RUS",34,2014,2196.7079824104,"employed people","LIV","NUTS2 Employment rate allocated to BHI region buffer population"
"Finland","FIN",32,2000,NA,"employed people","LIV","NUTS2 Employment rate allocated to BHI region buffer population"
"Finland","FIN",32,2001,NA,"employed people","LIV","NUTS2 Employment rate allocated to BHI region buffer population"
"Finland","FIN",32,2002,NA,"employed people","LIV","NUTS2 Employment rate allocated to BHI region buffer population"
"Finland","FIN",32,2003,NA,"employed people","LIV","NUTS2 Employment rate allocated to BHI region buffer population"
"Finland","FIN",32,2004,NA,"employed people","LIV","NUTS2 Employment rate allocated to BHI region buffer population"
"Finland","FIN",32,2005,795701.859452507,"employed people","LIV","NUTS2 Employment rate allocated to BHI region buffer population"
"Finland","FIN",32,2006,804269.308814042,"employed people","LIV","NUTS2 Employment rate allocated to BHI region buffer population"
"Finland","FIN",32,2007,810694.895835193,"employed people","LIV","NUTS2 Employment rate allocated to BHI region buffer population"
"Finland","FIN",32,2008,819262.345196727,"employed people","LIV","NUTS2 Employment rate allocated to BHI region buffer population"
"Finland","FIN",32,2009,795701.859452507,"employed people","LIV","NUTS2 Employment rate allocated to BHI region buffer population"
"Finland","FIN",32,2010,787134.410090973,"employed people","LIV","NUTS2 Employment rate allocated to BHI region buffer population"
"Finland","FIN",32,2011,795701.859452507,"employed people","LIV","NUTS2 Employment rate allocated to BHI region buffer population"
"Finland","FIN",32,2012,793559.997112124,"employed people","LIV","NUTS2 Employment rate allocated to BHI region buffer population"
"Finland","FIN",32,2013,786063.478920781,"employed people","LIV","NUTS2 Employment rate allocated to BHI region buffer population"
"Finland","FIN",32,2014,781779.754240014,"employed people","LIV","NUTS2 Employment rate allocated to BHI region buffer population"
"Finland","FIN",36,2000,NA,"employed people","LIV","NUTS2 Employment rate allocated to BHI region buffer population"
"Finland","FIN",36,2001,NA,"employed people","LIV","NUTS2 Employment rate allocated to BHI region buffer population"
"Finland","FIN",36,2002,NA,"employed people","LIV","NUTS2 Employment rate allocated to BHI region buffer population"
"Finland","FIN",36,2003,NA,"employed people","LIV","NUTS2 Employment rate allocated to BHI region buffer population"
"Finland","FIN",36,2004,NA,"employed people","LIV","NUTS2 Employment rate allocated to BHI region buffer population"
"Finland","FIN",36,2005,227175.236718308,"employed people","LIV","NUTS2 Employment rate allocated to BHI region buffer population"
"Finland","FIN",36,2006,229479.52691839,"employed people","LIV","NUTS2 Employment rate allocated to BHI region buffer population"
"Finland","FIN",36,2007,231599.944750927,"employed people","LIV","NUTS2 Employment rate allocated to BHI region buffer population"
"Finland","FIN",36,2008,234415.800406413,"employed people","LIV","NUTS2 Employment rate allocated to BHI region buffer population"
"Finland","FIN",36,2009,227294.601991236,"employed people","LIV","NUTS2 Employment rate allocated to BHI region buffer population"
"Finland","FIN",36,2010,225007.363973001,"employed people","LIV","NUTS2 Employment rate allocated to BHI region buffer population"
"Finland","FIN",36,2011,227396.915082317,"employed people","LIV","NUTS2 Employment rate allocated to BHI region buffer population"
"Finland","FIN",36,2012,227195.990532926,"employed people","LIV","NUTS2 Employment rate allocated to BHI region buffer population"
"Finland","FIN",36,2013,224838.692970918,"employed people","LIV","NUTS2 Employment rate allocated to BHI region buffer population"
"Finland","FIN",36,2014,224215.165508128,"employed people","LIV","NUTS2 Employment rate allocated to BHI region buffer population"
"Finland","FIN",38,2000,NA,"employed people","LIV","NUTS2 Employment rate allocated to BHI region buffer population"
"Finland","FIN",38,2001,NA,"employed people","LIV","NUTS2 Employment rate allocated to BHI region buffer population"
"Finland","FIN",38,2002,NA,"employed people","LIV","NUTS2 Employment rate allocated to BHI region buffer population"
"Finland","FIN",38,2003,NA,"employed people","LIV","NUTS2 Employment rate allocated to BHI region buffer population"
"Finland","FIN",38,2004,NA,"employed people","LIV","NUTS2 Employment rate allocated to BHI region buffer population"
"Finland","FIN",38,2005,125559.483049219,"employed people","LIV","NUTS2 Employment rate allocated to BHI region buffer population"
"Finland","FIN",38,2006,127607.373881512,"employed people","LIV","NUTS2 Employment rate allocated to BHI region buffer population"
"Finland","FIN",38,2007,131671.445285778,"employed people","LIV","NUTS2 Employment rate allocated to BHI region buffer population"
"Finland","FIN",38,2008,131697.290185388,"employed people","LIV","NUTS2 Employment rate allocated to BHI region buffer population"
"Finland","FIN",38,2009,127030.345739478,"employed people","LIV","NUTS2 Employment rate allocated to BHI region buffer population"
"Finland","FIN",38,2010,125901.710848239,"employed people","LIV","NUTS2 Employment rate allocated to BHI region buffer population"
"Finland","FIN",38,2011,127581.952488683,"employed people","LIV","NUTS2 Employment rate allocated to BHI region buffer population"
"Finland","FIN",38,2012,128311.178682778,"employed people","LIV","NUTS2 Employment rate allocated to BHI region buffer population"
"Finland","FIN",38,2013,127553.22907819,"employed people","LIV","NUTS2 Employment rate allocated to BHI region buffer population"
"Finland","FIN",38,2014,128092.307337387,"employed people","LIV","NUTS2 Employment rate allocated to BHI region buffer population"
"Finland","FIN",40,2000,65278.4528976384,"employed people","LIV","NUTS2 Employment rate allocated to BHI region buffer population"
"Finland","FIN",40,2001,66055.577336896,"employed people","LIV","NUTS2 Employment rate allocated to BHI region buffer population"
"Finland","FIN",40,2002,65667.0151172672,"employed people","LIV","NUTS2 Employment rate allocated to BHI region buffer population"
"Finland","FIN",40,2003,65375.5934525456,"employed people","LIV","NUTS2 Employment rate allocated to BHI region buffer population"
"Finland","FIN",40,2004,65764.1556721744,"employed people","LIV","NUTS2 Employment rate allocated to BHI region buffer population"
"Finland","FIN",40,2005,65084.171787824,"employed people","LIV","NUTS2 Employment rate allocated to BHI region buffer population"
"Finland","FIN",40,2006,66152.7178918032,"employed people","LIV","NUTS2 Employment rate allocated to BHI region buffer population"
"Finland","FIN",40,2007,68289.8100997616,"employed people","LIV","NUTS2 Employment rate allocated to BHI region buffer population"
"Finland","FIN",40,2008,68289.8100997616,"employed people","LIV","NUTS2 Employment rate allocated to BHI region buffer population"
"Finland","FIN",40,2009,65861.2962270816,"employed people","LIV","NUTS2 Employment rate allocated to BHI region buffer population"
"Finland","FIN",40,2010,65278.4528976384,"employed people","LIV","NUTS2 Employment rate allocated to BHI region buffer population"
"Finland","FIN",40,2011,66152.7178918032,"employed people","LIV","NUTS2 Employment rate allocated to BHI region buffer population"
"Finland","FIN",40,2012,66541.280111432,"employed people","LIV","NUTS2 Employment rate allocated to BHI region buffer population"
"Finland","FIN",40,2013,66152.7178918032,"employed people","LIV","NUTS2 Employment rate allocated to BHI region buffer population"
"Finland","FIN",40,2014,66444.1395565248,"employed people","LIV","NUTS2 Employment rate allocated to BHI region buffer population"
"Finland","FIN",42,2000,NA,"employed people","LIV","NUTS2 Employment rate allocated to BHI region buffer population"
"Finland","FIN",42,2001,NA,"employed people","LIV","NUTS2 Employment rate allocated to BHI region buffer population"
"Finland","FIN",42,2002,NA,"employed people","LIV","NUTS2 Employment rate allocated to BHI region buffer population"
"Finland","FIN",42,2003,NA,"employed people","LIV","NUTS2 Employment rate allocated to BHI region buffer population"
"Finland","FIN",42,2004,NA,"employed people","LIV","NUTS2 Employment rate allocated to BHI region buffer population"
"Finland","FIN",42,2005,161920.052041112,"employed people","LIV","NUTS2 Employment rate allocated to BHI region buffer population"
"Finland","FIN",42,2006,164260.538078939,"employed people","LIV","NUTS2 Employment rate allocated to BHI region buffer population"
"Finland","FIN",42,2007,165060.05362415,"employed people","LIV","NUTS2 Employment rate allocated to BHI region buffer population"
"Finland","FIN",42,2008,168698.91912144,"employed people","LIV","NUTS2 Employment rate allocated to BHI region buffer population"
"Finland","FIN",42,2009,162762.128223808,"employed people","LIV","NUTS2 Employment rate allocated to BHI region buffer population"
"Finland","FIN",42,2010,163646.76504399,"employed people","LIV","NUTS2 Employment rate allocated to BHI region buffer population"
"Finland","FIN",42,2011,166201.26634416,"employed people","LIV","NUTS2 Employment rate allocated to BHI region buffer population"
"Finland","FIN",42,2012,166258.417885779,"employed people","LIV","NUTS2 Employment rate allocated to BHI region buffer population"
"Finland","FIN",42,2013,168141.994609382,"employed people","LIV","NUTS2 Employment rate allocated to BHI region buffer population"
"Finland","FIN",42,2014,167942.267232444,"employed people","LIV","NUTS2 Employment rate allocated to BHI region buffer population"
"Finland","RUS",32,2000,NA,"employed people","LIV","NUTS2 Employment rate allocated to BHI region buffer population"
"Finland","RUS",32,2001,NA,"employed people","LIV","NUTS2 Employment rate allocated to BHI region buffer population"
"Finland","RUS",32,2002,NA,"employed people","LIV","NUTS2 Employment rate allocated to BHI region buffer population"
"Finland","RUS",32,2003,NA,"employed people","LIV","NUTS2 Employment rate allocated to BHI region buffer population"
"Finland","RUS",32,2004,NA,"employed people","LIV","NUTS2 Employment rate allocated to BHI region buffer population"
"Finland","RUS",32,2005,5.8173639716,"employed people","LIV","NUTS2 Employment rate allocated to BHI region buffer population"
"Finland","RUS",32,2006,5.8800004612,"employed people","LIV","NUTS2 Employment rate allocated to BHI region buffer population"
"Finland","RUS",32,2007,5.9269778284,"employed people","LIV","NUTS2 Employment rate allocated to BHI region buffer population"
"Finland","RUS",32,2008,5.989614318,"employed people","LIV","NUTS2 Employment rate allocated to BHI region buffer population"
"Finland","RUS",32,2009,5.8173639716,"employed people","LIV","NUTS2 Employment rate allocated to BHI region buffer population"
"Finland","RUS",32,2010,5.754727482,"employed people","LIV","NUTS2 Employment rate allocated to BHI region buffer population"
"Finland","RUS",32,2011,5.8173639716,"employed people","LIV","NUTS2 Employment rate allocated to BHI region buffer population"
"Finland","RUS",32,2012,5.8017048492,"employed people","LIV","NUTS2 Employment rate allocated to BHI region buffer population"
"Finland","RUS",32,2013,5.7468979208,"employed people","LIV","NUTS2 Employment rate allocated to BHI region buffer population"
"Finland","RUS",32,2014,5.715579676,"employed people","LIV","NUTS2 Employment rate allocated to BHI region buffer population"
"Finland","SWE",42,2000,NA,"employed people","LIV","NUTS2 Employment rate allocated to BHI region buffer population"
"Finland","SWE",42,2001,NA,"employed people","LIV","NUTS2 Employment rate allocated to BHI region buffer population"
"Finland","SWE",42,2002,NA,"employed people","LIV","NUTS2 Employment rate allocated to BHI region buffer population"
"Finland","SWE",42,2003,NA,"employed people","LIV","NUTS2 Employment rate allocated to BHI region buffer population"
"Finland","SWE",42,2004,NA,"employed people","LIV","NUTS2 Employment rate allocated to BHI region buffer population"
"Finland","SWE",42,2005,88.4121156208,"employed people","LIV","NUTS2 Employment rate allocated to BHI region buffer population"
"Finland","SWE",42,2006,89.6791682332,"employed people","LIV","NUTS2 Employment rate allocated to BHI region buffer population"
"Finland","SWE",42,2007,89.9607354804,"employed people","LIV","NUTS2 Employment rate allocated to BHI region buffer population"
"Finland","SWE",42,2008,92.0724898344,"employed people","LIV","NUTS2 Employment rate allocated to BHI region buffer population"
"Finland","SWE",42,2009,88.8344664916,"employed people","LIV","NUTS2 Employment rate allocated to BHI region buffer population"
"Finland","SWE",42,2010,89.397600986,"employed people","LIV","NUTS2 Employment rate allocated to BHI region buffer population"
"Finland","SWE",42,2011,90.805437222,"employed people","LIV","NUTS2 Employment rate allocated to BHI region buffer population"
"Finland","SWE",42,2012,90.805437222,"employed people","LIV","NUTS2 Employment rate allocated to BHI region buffer population"
"Finland","SWE",42,2013,91.9317062108,"employed people","LIV","NUTS2 Employment rate allocated to BHI region buffer population"
"Finland","SWE",42,2014,91.7909225872,"employed people","LIV","NUTS2 Employment rate allocated to BHI region buffer population"
"Germany","DEU",4,2000,85457.9465236936,"employed people","LIV","NUTS2 Employment rate allocated to BHI region buffer population"
"Germany","DEU",4,2001,85202.0844083532,"employed people","LIV","NUTS2 Employment rate allocated to BHI region buffer population"
"Germany","DEU",4,2002,84178.6359469916,"employed people","LIV","NUTS2 Employment rate allocated to BHI region buffer population"
"Germany","DEU",4,2003,85969.6707543744,"employed people","LIV","NUTS2 Employment rate allocated to BHI region buffer population"
"Germany","DEU",4,2004,84178.6359469916,"employed people","LIV","NUTS2 Employment rate allocated to BHI region buffer population"
"Germany","DEU",4,2005,84946.2222930128,"employed people","LIV","NUTS2 Employment rate allocated to BHI region buffer population"
"Germany","DEU",4,2006,87632.774504087,"employed people","LIV","NUTS2 Employment rate allocated to BHI region buffer population"
"Germany","DEU",4,2007,89295.8782537996,"employed people","LIV","NUTS2 Employment rate allocated to BHI region buffer population"
"Germany","DEU",4,2008,90575.1888305016,"employed people","LIV","NUTS2 Employment rate allocated to BHI region buffer population"
"Germany","DEU",4,2009,90319.3267151612,"employed people","LIV","NUTS2 Employment rate allocated to BHI region buffer population"
"Germany","DEU",4,2010,91214.8441188526,"employed people","LIV","NUTS2 Employment rate allocated to BHI region buffer population"
"Germany","DEU",4,2011,93005.8789262354,"employed people","LIV","NUTS2 Employment rate allocated to BHI region buffer population"
"Germany","DEU",4,2012,94029.327387597,"employed people","LIV","NUTS2 Employment rate allocated to BHI region buffer population"
"Germany","DEU",4,2013,94285.1895029374,"employed people","LIV","NUTS2 Employment rate allocated to BHI region buffer population"
"Germany","DEU",4,2014,94924.8447912884,"employed people","LIV","NUTS2 Employment rate allocated to BHI region buffer population"
"Germany","DEU",8,2000,313917.850210818,"employed people","LIV","NUTS2 Employment rate allocated to BHI region buffer population"
"Germany","DEU",8,2001,312977.976407791,"employed people","LIV","NUTS2 Employment rate allocated to BHI region buffer population"
"Germany","DEU",8,2002,309218.481195686,"employed people","LIV","NUTS2 Employment rate allocated to BHI region buffer population"
"Germany","DEU",8,2003,315797.59781687,"employed people","LIV","NUTS2 Employment rate allocated to BHI region buffer population"
"Germany","DEU",8,2004,309218.481195686,"employed people","LIV","NUTS2 Employment rate allocated to BHI region buffer population"
"Germany","DEU",8,2005,312038.102604765,"employed people","LIV","NUTS2 Employment rate allocated to BHI region buffer population"
"Germany","DEU",8,2006,321906.777536542,"employed people","LIV","NUTS2 Employment rate allocated to BHI region buffer population"
"Germany","DEU",8,2007,328015.957256214,"employed people","LIV","NUTS2 Employment rate allocated to BHI region buffer population"
"Germany","DEU",8,2008,332715.326271346,"employed people","LIV","NUTS2 Employment rate allocated to BHI region buffer population"
"Germany","DEU",8,2009,331775.452468319,"employed people","LIV","NUTS2 Employment rate allocated to BHI region buffer population"
"Germany","DEU",8,2010,335065.010778912,"employed people","LIV","NUTS2 Employment rate allocated to BHI region buffer population"
"Germany","DEU",8,2011,341644.127400096,"employed people","LIV","NUTS2 Employment rate allocated to BHI region buffer population"
"Germany","DEU",8,2012,345403.622612202,"employed people","LIV","NUTS2 Employment rate allocated to BHI region buffer population"
"Germany","DEU",8,2013,346343.496415228,"employed people","LIV","NUTS2 Employment rate allocated to BHI region buffer population"
"Germany","DEU",8,2014,348693.180922794,"employed people","LIV","NUTS2 Employment rate allocated to BHI region buffer population"
"Germany","DEU",10,2000,471518.110026253,"employed people","LIV","NUTS2 Employment rate allocated to BHI region buffer population"
"Germany","DEU",10,2001,460837.434270354,"employed people","LIV","NUTS2 Employment rate allocated to BHI region buffer population"
"Germany","DEU",10,2002,454465.857852447,"employed people","LIV","NUTS2 Employment rate allocated to BHI region buffer population"
"Germany","DEU",10,2003,456988.475775471,"employed people","LIV","NUTS2 Employment rate allocated to BHI region buffer population"
"Germany","DEU",10,2004,447103.604362687,"employed people","LIV","NUTS2 Employment rate allocated to BHI region buffer population"
"Germany","DEU",10,2005,464881.265493974,"employed people","LIV","NUTS2 Employment rate allocated to BHI region buffer population"
"Germany","DEU",10,2006,483159.628936476,"employed people","LIV","NUTS2 Employment rate allocated to BHI region buffer population"
"Germany","DEU",10,2007,495066.415961071,"employed people","LIV","NUTS2 Employment rate allocated to BHI region buffer population"
"Germany","DEU",10,2008,510278.104762437,"employed people","LIV","NUTS2 Employment rate allocated to BHI region buffer population"
"Germany","DEU",10,2009,515242.217672278,"employed people","LIV","NUTS2 Employment rate allocated to BHI region buffer population"
"Germany","DEU",10,2010,524095.850545105,"employed people","LIV","NUTS2 Employment rate allocated to BHI region buffer population"
"Germany","DEU",10,2011,531219.876899229,"employed people","LIV","NUTS2 Employment rate allocated to BHI region buffer population"
"Germany","DEU",10,2012,529308.918141156,"employed people","LIV","NUTS2 Employment rate allocated to BHI region buffer population"
"Germany","DEU",10,2013,529866.495348635,"employed people","LIV","NUTS2 Employment rate allocated to BHI region buffer population"
"Germany","DEU",10,2014,534021.283425993,"employed people","LIV","NUTS2 Employment rate allocated to BHI region buffer population"
"Germany","DEU",13,2000,144256.77457472,"employed people","LIV","NUTS2 Employment rate allocated to BHI region buffer population"
"Germany","DEU",13,2001,139137.985799488,"employed people","LIV","NUTS2 Employment rate allocated to BHI region buffer population"
"Germany","DEU",13,2002,137043.935845984,"employed people","LIV","NUTS2 Employment rate allocated to BHI region buffer population"
"Germany","DEU",13,2003,136345.919194816,"employed people","LIV","NUTS2 Employment rate allocated to BHI region buffer population"
"Germany","DEU",13,2004,133321.180373088,"employed people","LIV","NUTS2 Employment rate allocated to BHI region buffer population"
"Germany","DEU",13,2005,141464.707970048,"employed people","LIV","NUTS2 Employment rate allocated to BHI region buffer population"
"Germany","DEU",13,2006,147746.85783056,"employed people","LIV","NUTS2 Employment rate allocated to BHI region buffer population"
"Germany","DEU",13,2007,151934.957737568,"employed people","LIV","NUTS2 Employment rate allocated to BHI region buffer population"
"Germany","DEU",13,2008,158217.10759808,"employed people","LIV","NUTS2 Employment rate allocated to BHI region buffer population"
"Germany","DEU",13,2009,161009.174202752,"employed people","LIV","NUTS2 Employment rate allocated to BHI region buffer population"
"Germany","DEU",13,2010,164499.257458592,"employed people","LIV","NUTS2 Employment rate allocated to BHI region buffer population"
"Germany","DEU",13,2011,166127.962977984,"employed people","LIV","NUTS2 Employment rate allocated to BHI region buffer population"
"Germany","DEU",13,2012,164033.91302448,"employed people","LIV","NUTS2 Employment rate allocated to BHI region buffer population"
"Germany","DEU",13,2013,164033.91302448,"employed people","LIV","NUTS2 Employment rate allocated to BHI region buffer population"
"Germany","DEU",13,2014,165429.946326816,"employed people","LIV","NUTS2 Employment rate allocated to BHI region buffer population"
"Germany","DEU",16,2000,66406.794505632,"employed people","LIV","NUTS2 Employment rate allocated to BHI region buffer population"
"Germany","DEU",16,2001,64050.4243780128,"employed people","LIV","NUTS2 Employment rate allocated to BHI region buffer population"
"Germany","DEU",16,2002,63086.4547803504,"employed people","LIV","NUTS2 Employment rate allocated to BHI region buffer population"
"Germany","DEU",16,2003,62765.1315811296,"employed people","LIV","NUTS2 Employment rate allocated to BHI region buffer population"
"Germany","DEU",16,2004,61372.7310511728,"employed people","LIV","NUTS2 Employment rate allocated to BHI region buffer population"
"Germany","DEU",16,2005,65121.5017087488,"employed people","LIV","NUTS2 Employment rate allocated to BHI region buffer population"
"Germany","DEU",16,2006,68013.410501736,"employed people","LIV","NUTS2 Employment rate allocated to BHI region buffer population"
"Germany","DEU",16,2007,69941.3496970608,"employed people","LIV","NUTS2 Employment rate allocated to BHI region buffer population"
"Germany","DEU",16,2008,72833.258490048,"employed people","LIV","NUTS2 Employment rate allocated to BHI region buffer population"
"Germany","DEU",16,2009,74118.5512869312,"employed people","LIV","NUTS2 Employment rate allocated to BHI region buffer population"
"Germany","DEU",16,2010,75725.1672830352,"employed people","LIV","NUTS2 Employment rate allocated to BHI region buffer population"
"Germany","DEU",16,2011,76474.9214145504,"employed people","LIV","NUTS2 Employment rate allocated to BHI region buffer population"
"Germany","DEU",16,2012,75510.951816888,"employed people","LIV","NUTS2 Employment rate allocated to BHI region buffer population"
"Germany","DEU",16,2013,75510.951816888,"employed people","LIV","NUTS2 Employment rate allocated to BHI region buffer population"
"Germany","DEU",16,2014,76153.5982153296,"employed people","LIV","NUTS2 Employment rate allocated to BHI region buffer population"
"Germany","POL",16,2000,132.599076794,"employed people","LIV","NUTS2 Employment rate allocated to BHI region buffer population"
"Germany","POL",16,2001,127.8939482626,"employed people","LIV","NUTS2 Employment rate allocated to BHI region buffer population"
"Germany","POL",16,2002,125.9691229543,"employed people","LIV","NUTS2 Employment rate allocated to BHI region buffer population"
"Germany","POL",16,2003,125.3275145182,"employed people","LIV","NUTS2 Employment rate allocated to BHI region buffer population"
"Germany","POL",16,2004,122.5472112951,"employed people","LIV","NUTS2 Employment rate allocated to BHI region buffer population"
"Germany","POL",16,2005,130.0326430496,"employed people","LIV","NUTS2 Employment rate allocated to BHI region buffer population"
"Germany","POL",16,2006,135.8071189745,"employed people","LIV","NUTS2 Employment rate allocated to BHI region buffer population"
"Germany","POL",16,2007,139.6567695911,"employed people","LIV","NUTS2 Employment rate allocated to BHI region buffer population"
"Germany","POL",16,2008,145.431245516,"employed people","LIV","NUTS2 Employment rate allocated to BHI region buffer population"
"Germany","POL",16,2009,147.9976792604,"employed people","LIV","NUTS2 Employment rate allocated to BHI region buffer population"
"Germany","POL",16,2010,151.2057214409,"employed people","LIV","NUTS2 Employment rate allocated to BHI region buffer population"
"Germany","POL",16,2011,152.7028077918,"employed people","LIV","NUTS2 Employment rate allocated to BHI region buffer population"
"Germany","POL",16,2012,150.7779824835,"employed people","LIV","NUTS2 Employment rate allocated to BHI region buffer population"
"Germany","POL",16,2013,150.7779824835,"employed people","LIV","NUTS2 Employment rate allocated to BHI region buffer population"
"Germany","POL",16,2014,152.0611993557,"employed people","LIV","NUTS2 Employment rate allocated to BHI region buffer population"
"Latvia","EST",27,2000,127.973759487,"employed people","LIV","NUTS2 Employment rate allocated to BHI region buffer population"
"Latvia","EST",27,2001,129.5344150905,"employed people","LIV","NUTS2 Employment rate allocated to BHI region buffer population"
"Latvia","EST",27,2002,132.878677098,"employed people","LIV","NUTS2 Employment rate allocated to BHI region buffer population"
"Latvia","EST",27,2003,134.4393327015,"employed people","LIV","NUTS2 Employment rate allocated to BHI region buffer population"
"Latvia","EST",27,2004,134.8852343025,"employed people","LIV","NUTS2 Employment rate allocated to BHI region buffer population"
"Latvia","EST",27,2005,138.4524471105,"employed people","LIV","NUTS2 Employment rate allocated to BHI region buffer population"
"Latvia","EST",27,2006,146.9245775295,"employed people","LIV","NUTS2 Employment rate allocated to BHI region buffer population"
"Latvia","EST",27,2007,151.8294951405,"employed people","LIV","NUTS2 Employment rate allocated to BHI region buffer population"
"Latvia","EST",27,2008,152.052445941,"employed people","LIV","NUTS2 Employment rate allocated to BHI region buffer population"
"Latvia","EST",27,2009,134.4393327015,"employed people","LIV","NUTS2 Employment rate allocated to BHI region buffer population"
"Latvia","EST",27,2010,130.4262182925,"employed people","LIV","NUTS2 Employment rate allocated to BHI region buffer population"
"Latvia","EST",27,2011,135.554086704,"employed people","LIV","NUTS2 Employment rate allocated to BHI region buffer population"
"Latvia","EST",27,2012,140.459004315,"employed people","LIV","NUTS2 Employment rate allocated to BHI region buffer population"
"Latvia","EST",27,2013,144.918020325,"employed people","LIV","NUTS2 Employment rate allocated to BHI region buffer population"
"Latvia","EST",27,2014,147.8163807315,"employed people","LIV","NUTS2 Employment rate allocated to BHI region buffer population"
"Latvia","LTU",24,2000,99.9162234518,"employed people","LIV","NUTS2 Employment rate allocated to BHI region buffer population"
"Latvia","LTU",24,2001,101.1347139817,"employed people","LIV","NUTS2 Employment rate allocated to BHI region buffer population"
"Latvia","LTU",24,2002,103.7457651172,"employed people","LIV","NUTS2 Employment rate allocated to BHI region buffer population"
"Latvia","LTU",24,2003,104.9642556471,"employed people","LIV","NUTS2 Employment rate allocated to BHI region buffer population"
"Latvia","LTU",24,2004,105.3123957985,"employed people","LIV","NUTS2 Employment rate allocated to BHI region buffer population"
"Latvia","LTU",24,2005,108.0975170097,"employed people","LIV","NUTS2 Employment rate allocated to BHI region buffer population"
"Latvia","LTU",24,2006,114.7121798863,"employed people","LIV","NUTS2 Employment rate allocated to BHI region buffer population"
"Latvia","LTU",24,2007,118.5417215517,"employed people","LIV","NUTS2 Employment rate allocated to BHI region buffer population"
"Latvia","LTU",24,2008,118.7157916274,"employed people","LIV","NUTS2 Employment rate allocated to BHI region buffer population"
"Latvia","LTU",24,2009,104.9642556471,"employed people","LIV","NUTS2 Employment rate allocated to BHI region buffer population"
"Latvia","LTU",24,2010,101.8309942845,"employed people","LIV","NUTS2 Employment rate allocated to BHI region buffer population"
"Latvia","LTU",24,2011,105.8346060256,"employed people","LIV","NUTS2 Employment rate allocated to BHI region buffer population"
"Latvia","LTU",24,2012,109.664147691,"employed people","LIV","NUTS2 Employment rate allocated to BHI region buffer population"
"Latvia","LTU",24,2013,113.145549205,"employed people","LIV","NUTS2 Employment rate allocated to BHI region buffer population"
"Latvia","LTU",24,2014,115.4084601891,"employed people","LIV","NUTS2 Employment rate allocated to BHI region buffer population"
"Latvia","LVA",24,2000,45423.1313319098,"employed people","LIV","NUTS2 Employment rate allocated to BHI region buffer population"
"Latvia","LVA",24,2001,45977.0719579087,"employed people","LIV","NUTS2 Employment rate allocated to BHI region buffer population"
"Latvia","LVA",24,2002,47164.0875850492,"employed people","LIV","NUTS2 Employment rate allocated to BHI region buffer population"
"Latvia","LVA",24,2003,47718.0282110481,"employed people","LIV","NUTS2 Employment rate allocated to BHI region buffer population"
"Latvia","LVA",24,2004,47876.2969613335,"employed people","LIV","NUTS2 Employment rate allocated to BHI region buffer population"
"Latvia","LVA",24,2005,49142.4469636167,"employed people","LIV","NUTS2 Employment rate allocated to BHI region buffer population"
"Latvia","LVA",24,2006,52149.5532190393,"employed people","LIV","NUTS2 Employment rate allocated to BHI region buffer population"
"Latvia","LVA",24,2007,53890.5094721787,"employed people","LIV","NUTS2 Employment rate allocated to BHI region buffer population"
"Latvia","LVA",24,2008,53969.6438473214,"employed people","LIV","NUTS2 Employment rate allocated to BHI region buffer population"
"Latvia","LVA",24,2009,47718.0282110481,"employed people","LIV","NUTS2 Employment rate allocated to BHI region buffer population"
"Latvia","LVA",24,2010,46293.6094584795,"employed people","LIV","NUTS2 Employment rate allocated to BHI region buffer population"
"Latvia","LVA",24,2011,48113.7000867616,"employed people","LIV","NUTS2 Employment rate allocated to BHI region buffer population"
"Latvia","LVA",24,2012,49854.656339901,"employed people","LIV","NUTS2 Employment rate allocated to BHI region buffer population"
"Latvia","LVA",24,2013,51437.343842755,"employed people","LIV","NUTS2 Employment rate allocated to BHI region buffer population"
"Latvia","LVA",24,2014,52466.0907196101,"employed people","LIV","NUTS2 Employment rate allocated to BHI region buffer population"
"Latvia","LVA",27,2000,186800.37295823,"employed people","LIV","NUTS2 Employment rate allocated to BHI region buffer population"
"Latvia","LVA",27,2001,189078.426286989,"employed people","LIV","NUTS2 Employment rate allocated to BHI region buffer population"
"Latvia","LVA",27,2002,193959.969134329,"employed people","LIV","NUTS2 Employment rate allocated to BHI region buffer population"
"Latvia","LVA",27,2003,196238.022463088,"employed people","LIV","NUTS2 Employment rate allocated to BHI region buffer population"
"Latvia","LVA",27,2004,196888.894842733,"employed people","LIV","NUTS2 Employment rate allocated to BHI region buffer population"
"Latvia","LVA",27,2005,202095.873879897,"employed people","LIV","NUTS2 Employment rate allocated to BHI region buffer population"
"Latvia","LVA",27,2006,214462.449093159,"employed people","LIV","NUTS2 Employment rate allocated to BHI region buffer population"
"Latvia","LVA",27,2007,221622.045269259,"employed people","LIV","NUTS2 Employment rate allocated to BHI region buffer population"
"Latvia","LVA",27,2008,221947.481459081,"employed people","LIV","NUTS2 Employment rate allocated to BHI region buffer population"
"Latvia","LVA",27,2009,196238.022463088,"employed people","LIV","NUTS2 Employment rate allocated to BHI region buffer population"
"Latvia","LVA",27,2010,190380.171046279,"employed people","LIV","NUTS2 Employment rate allocated to BHI region buffer population"
"Latvia","LVA",27,2011,197865.203412202,"employed people","LIV","NUTS2 Employment rate allocated to BHI region buffer population"
"Latvia","LVA",27,2012,205024.799588301,"employed people","LIV","NUTS2 Employment rate allocated to BHI region buffer population"
"Latvia","LVA",27,2013,211533.523384755,"employed people","LIV","NUTS2 Employment rate allocated to BHI region buffer population"
"Latvia","LVA",27,2014,215764.19385245,"employed people","LIV","NUTS2 Employment rate allocated to BHI region buffer population"
"Lithuania","LTU",23,2000,134567.226265154,"employed people","LIV","NUTS2 Employment rate allocated to BHI region buffer population"
"Lithuania","LTU",23,2001,131180.467214857,"employed people","LIV","NUTS2 Employment rate allocated to BHI region buffer population"
"Lithuania","LTU",23,2002,136825.065632019,"employed people","LIV","NUTS2 Employment rate allocated to BHI region buffer population"
"Lithuania","LTU",23,2003,141792.312239122,"employed people","LIV","NUTS2 Employment rate allocated to BHI region buffer population"
"Lithuania","LTU",23,2004,139534.472872257,"employed people","LIV","NUTS2 Employment rate allocated to BHI region buffer population"
"Lithuania","LTU",23,2005,142018.096175809,"employed people","LIV","NUTS2 Employment rate allocated to BHI region buffer population"
"Lithuania","LTU",23,2006,143598.583732614,"employed people","LIV","NUTS2 Employment rate allocated to BHI region buffer population"
"Lithuania","LTU",23,2007,146759.558846225,"employed people","LIV","NUTS2 Employment rate allocated to BHI region buffer population"
"Lithuania","LTU",23,2008,145404.855226106,"employed people","LIV","NUTS2 Employment rate allocated to BHI region buffer population"
"Lithuania","LTU",23,2009,135244.578075214,"employed people","LIV","NUTS2 Employment rate allocated to BHI region buffer population"
"Lithuania","LTU",23,2010,130051.547531424,"employed people","LIV","NUTS2 Employment rate allocated to BHI region buffer population"
"Lithuania","LTU",23,2011,135921.929885273,"employed people","LIV","NUTS2 Employment rate allocated to BHI region buffer population"
"Lithuania","LTU",23,2012,139986.04074563,"employed people","LIV","NUTS2 Employment rate allocated to BHI region buffer population"
"Lithuania","LTU",23,2013,143824.3676693,"employed people","LIV","NUTS2 Employment rate allocated to BHI region buffer population"
"Lithuania","LTU",23,2014,148340.046403031,"employed people","LIV","NUTS2 Employment rate allocated to BHI region buffer population"
"Lithuania","LVA",23,2000,220.0019960764,"employed people","LIV","NUTS2 Employment rate allocated to BHI region buffer population"
"Lithuania","LVA",23,2001,214.4650330879,"employed people","LIV","NUTS2 Employment rate allocated to BHI region buffer population"
"Lithuania","LVA",23,2002,223.6933047354,"employed people","LIV","NUTS2 Employment rate allocated to BHI region buffer population"
"Lithuania","LVA",23,2003,231.8141837852,"employed people","LIV","NUTS2 Employment rate allocated to BHI region buffer population"
"Lithuania","LVA",23,2004,228.1228751262,"employed people","LIV","NUTS2 Employment rate allocated to BHI region buffer population"
"Lithuania","LVA",23,2005,232.1833146511,"employed people","LIV","NUTS2 Employment rate allocated to BHI region buffer population"
"Lithuania","LVA",23,2006,234.7672307124,"employed people","LIV","NUTS2 Employment rate allocated to BHI region buffer population"
"Lithuania","LVA",23,2007,239.935062835,"employed people","LIV","NUTS2 Employment rate allocated to BHI region buffer population"
"Lithuania","LVA",23,2008,237.7202776396,"employed people","LIV","NUTS2 Employment rate allocated to BHI region buffer population"
"Lithuania","LVA",23,2009,221.1093886741,"employed people","LIV","NUTS2 Employment rate allocated to BHI region buffer population"
"Lithuania","LVA",23,2010,212.6193787584,"employed people","LIV","NUTS2 Employment rate allocated to BHI region buffer population"
"Lithuania","LVA",23,2011,222.2167812718,"employed people","LIV","NUTS2 Employment rate allocated to BHI region buffer population"
"Lithuania","LVA",23,2012,228.861136858,"employed people","LIV","NUTS2 Employment rate allocated to BHI region buffer population"
"Lithuania","LVA",23,2013,235.1363615783,"employed people","LIV","NUTS2 Employment rate allocated to BHI region buffer population"
"Lithuania","LVA",23,2014,242.5189788963,"employed people","LIV","NUTS2 Employment rate allocated to BHI region buffer population"
"Lithuania","RUS",23,2000,70.5913694796,"employed people","LIV","NUTS2 Employment rate allocated to BHI region buffer population"
"Lithuania","RUS",23,2001,68.8147410531,"employed people","LIV","NUTS2 Employment rate allocated to BHI region buffer population"
"Lithuania","RUS",23,2002,71.7757884306,"employed people","LIV","NUTS2 Employment rate allocated to BHI region buffer population"
"Lithuania","RUS",23,2003,74.3815101228,"employed people","LIV","NUTS2 Employment rate allocated to BHI region buffer population"
"Lithuania","RUS",23,2004,73.1970911718,"employed people","LIV","NUTS2 Employment rate allocated to BHI region buffer population"
"Lithuania","RUS",23,2005,74.4999520179,"employed people","LIV","NUTS2 Employment rate allocated to BHI region buffer population"
"Lithuania","RUS",23,2006,75.3290452836,"employed people","LIV","NUTS2 Employment rate allocated to BHI region buffer population"
"Lithuania","RUS",23,2007,76.987231815,"employed people","LIV","NUTS2 Employment rate allocated to BHI region buffer population"
"Lithuania","RUS",23,2008,76.2765804444,"employed people","LIV","NUTS2 Employment rate allocated to BHI region buffer population"
"Lithuania","RUS",23,2009,70.9466951649,"employed people","LIV","NUTS2 Employment rate allocated to BHI region buffer population"
"Lithuania","RUS",23,2010,68.2225315776,"employed people","LIV","NUTS2 Employment rate allocated to BHI region buffer population"
"Lithuania","RUS",23,2011,71.3020208502,"employed people","LIV","NUTS2 Employment rate allocated to BHI region buffer population"
"Lithuania","RUS",23,2012,73.433974962,"employed people","LIV","NUTS2 Employment rate allocated to BHI region buffer population"
"Lithuania","RUS",23,2013,75.4474871787,"employed people","LIV","NUTS2 Employment rate allocated to BHI region buffer population"
"Lithuania","RUS",23,2014,77.8163250807,"employed people","LIV","NUTS2 Employment rate allocated to BHI region buffer population"
"Poland","DEU",17,2000,224.8371874056,"employed people","LIV","NUTS2 Employment rate allocated to BHI region buffer population"
"Poland","DEU",17,2001,219.1836411072,"employed people","LIV","NUTS2 Employment rate allocated to BHI region buffer population"
"Poland","DEU",17,2002,200.9183376816,"employed people","LIV","NUTS2 Employment rate allocated to BHI region buffer population"
"Poland","DEU",17,2003,201.7881140352,"employed people","LIV","NUTS2 Employment rate allocated to BHI region buffer population"
"Poland","DEU",17,2004,212.6603184552,"employed people","LIV","NUTS2 Employment rate allocated to BHI region buffer population"
"Poland","DEU",17,2005,210.0509893944,"employed people","LIV","NUTS2 Employment rate allocated to BHI region buffer population"
"Poland","DEU",17,2006,214.8347593392,"employed people","LIV","NUTS2 Employment rate allocated to BHI region buffer population"
"Poland","DEU",17,2007,225.7069637592,"employed people","LIV","NUTS2 Employment rate allocated to BHI region buffer population"
"Poland","DEU",17,2008,235.7093918256,"employed people","LIV","NUTS2 Employment rate allocated to BHI region buffer population"
"Poland","DEU",17,2009,238.7536090632,"employed people","LIV","NUTS2 Employment rate allocated to BHI region buffer population"
"Poland","DEU",17,2010,232.2302864112,"employed people","LIV","NUTS2 Employment rate allocated to BHI region buffer population"
"Poland","DEU",17,2011,234.4047272952,"employed people","LIV","NUTS2 Employment rate allocated to BHI region buffer population"
"Poland","DEU",17,2012,243.1024908312,"employed people","LIV","NUTS2 Employment rate allocated to BHI region buffer population"
"Poland","DEU",17,2013,248.3211489528,"employed people","LIV","NUTS2 Employment rate allocated to BHI region buffer population"
"Poland","DEU",17,2014,255.2793597816,"employed people","LIV","NUTS2 Employment rate allocated to BHI region buffer population"
"Poland","POL",17,2000,468269.437254809,"employed people","LIV","NUTS2 Employment rate allocated to BHI region buffer population"
"Poland","POL",17,2001,458817.496636172,"employed people","LIV","NUTS2 Employment rate allocated to BHI region buffer population"
"Poland","POL",17,2002,422918.203894753,"employed people","LIV","NUTS2 Employment rate allocated to BHI region buffer population"
"Poland","POL",17,2003,422873.106210833,"employed people","LIV","NUTS2 Employment rate allocated to BHI region buffer population"
"Poland","POL",17,2004,441586.140474794,"employed people","LIV","NUTS2 Employment rate allocated to BHI region buffer population"
"Poland","POL",17,2005,439587.475373827,"employed people","LIV","NUTS2 Employment rate allocated to BHI region buffer population"
"Poland","POL",17,2006,451076.207952261,"employed people","LIV","NUTS2 Employment rate allocated to BHI region buffer population"
"Poland","POL",17,2007,474483.950152219,"employed people","LIV","NUTS2 Employment rate allocated to BHI region buffer population"
"Poland","POL",17,2008,495376.040252825,"employed people","LIV","NUTS2 Employment rate allocated to BHI region buffer population"
"Poland","POL",17,2009,499841.774356679,"employed people","LIV","NUTS2 Employment rate allocated to BHI region buffer population"
"Poland","POL",17,2010,489439.084284023,"employed people","LIV","NUTS2 Employment rate allocated to BHI region buffer population"
"Poland","POL",17,2011,493238.596687555,"employed people","LIV","NUTS2 Employment rate allocated to BHI region buffer population"
"Poland","POL",17,2012,509147.965685923,"employed people","LIV","NUTS2 Employment rate allocated to BHI region buffer population"
"Poland","POL",17,2013,518124.53157755,"employed people","LIV","NUTS2 Employment rate allocated to BHI region buffer population"
"Poland","POL",17,2014,532416.929421577,"employed people","LIV","NUTS2 Employment rate allocated to BHI region buffer population"
"Poland","POL",18,2000,519438.397943522,"employed people","LIV","NUTS2 Employment rate allocated to BHI region buffer population"
"Poland","POL",18,2001,519810.335725674,"employed people","LIV","NUTS2 Employment rate allocated to BHI region buffer population"
"Poland","POL",18,2002,489547.276268135,"employed people","LIV","NUTS2 Employment rate allocated to BHI region buffer population"
"Poland","POL",18,2003,482306.628494738,"employed people","LIV","NUTS2 Employment rate allocated to BHI region buffer population"
"Poland","POL",18,2004,480503.026351258,"employed people","LIV","NUTS2 Employment rate allocated to BHI region buffer population"
"Poland","POL",18,2005,500019.582178011,"employed people","LIV","NUTS2 Employment rate allocated to BHI region buffer population"
"Poland","POL",18,2006,521414.849378341,"employed people","LIV","NUTS2 Employment rate allocated to BHI region buffer population"
"Poland","POL",18,2007,553086.942366063,"employed people","LIV","NUTS2 Employment rate allocated to BHI region buffer population"
"Poland","POL",18,2008,575075.866670504,"employed people","LIV","NUTS2 Employment rate allocated to BHI region buffer population"
"Poland","POL",18,2009,570702.155988093,"employed people","LIV","NUTS2 Employment rate allocated to BHI region buffer population"
"Poland","POL",18,2010,575545.544513898,"employed people","LIV","NUTS2 Employment rate allocated to BHI region buffer population"
"Poland","POL",18,2011,573817.051600514,"employed people","LIV","NUTS2 Employment rate allocated to BHI region buffer population"
"Poland","POL",18,2012,576165.440817485,"employed people","LIV","NUTS2 Employment rate allocated to BHI region buffer population"
"Poland","POL",18,2013,576905.70801346,"employed people","LIV","NUTS2 Employment rate allocated to BHI region buffer population"
"Poland","POL",18,2014,591037.696609247,"employed people","LIV","NUTS2 Employment rate allocated to BHI region buffer population"
"Poland","POL",21,2000,41109.134023116,"employed people","LIV","NUTS2 Employment rate allocated to BHI region buffer population"
"Poland","POL",21,2001,41341.8272345676,"employed people","LIV","NUTS2 Employment rate allocated to BHI region buffer population"
"Poland","POL",21,2002,39170.023927686,"employed people","LIV","NUTS2 Employment rate allocated to BHI region buffer population"
"Poland","POL",21,2003,38316.8154856968,"employed people","LIV","NUTS2 Employment rate allocated to BHI region buffer population"
"Poland","POL",21,2004,38161.6866780624,"employed people","LIV","NUTS2 Employment rate allocated to BHI region buffer population"
"Poland","POL",21,2005,39557.845946772,"employed people","LIV","NUTS2 Employment rate allocated to BHI region buffer population"
"Poland","POL",21,2006,41264.2628307504,"employed people","LIV","NUTS2 Employment rate allocated to BHI region buffer population"
"Poland","POL",21,2007,43668.7593490836,"employed people","LIV","NUTS2 Employment rate allocated to BHI region buffer population"
"Poland","POL",21,2008,45530.3050406964,"employed people","LIV","NUTS2 Employment rate allocated to BHI region buffer population"
"Poland","POL",21,2009,45064.9186177932,"employed people","LIV","NUTS2 Employment rate allocated to BHI region buffer population"
"Poland","POL",21,2010,45607.8694445136,"employed people","LIV","NUTS2 Employment rate allocated to BHI region buffer population"
"Poland","POL",21,2011,45607.8694445136,"employed people","LIV","NUTS2 Employment rate allocated to BHI region buffer population"
"Poland","POL",21,2012,45995.6914635996,"employed people","LIV","NUTS2 Employment rate allocated to BHI region buffer population"
"Poland","POL",21,2013,45918.1270597824,"employed people","LIV","NUTS2 Employment rate allocated to BHI region buffer population"
"Poland","POL",21,2014,47081.5931170404,"employed people","LIV","NUTS2 Employment rate allocated to BHI region buffer population"
"Poland","RUS",18,2000,320.3631366945,"employed people","LIV","NUTS2 Employment rate allocated to BHI region buffer population"
"Poland","RUS",18,2001,312.7505473077,"employed people","LIV","NUTS2 Employment rate allocated to BHI region buffer population"
"Poland","RUS",18,2002,285.472102005,"employed people","LIV","NUTS2 Employment rate allocated to BHI region buffer population"
"Poland","RUS",18,2003,291.815926494,"employed people","LIV","NUTS2 Employment rate allocated to BHI region buffer population"
"Poland","RUS",18,2004,291.1815440451,"employed people","LIV","NUTS2 Employment rate allocated to BHI region buffer population"
"Poland","RUS",18,2005,308.9442526143,"employed people","LIV","NUTS2 Employment rate allocated to BHI region buffer population"
"Poland","RUS",18,2006,321.6319015923,"employed people","LIV","NUTS2 Employment rate allocated to BHI region buffer population"
"Poland","RUS",18,2007,345.1040522016,"employed people","LIV","NUTS2 Employment rate allocated to BHI region buffer population"
"Poland","RUS",18,2008,353.9854064862,"employed people","LIV","NUTS2 Employment rate allocated to BHI region buffer population"
"Poland","RUS",18,2009,355.8885538329,"employed people","LIV","NUTS2 Employment rate allocated to BHI region buffer population"
"Poland","RUS",18,2010,352.7166415884,"employed people","LIV","NUTS2 Employment rate allocated to BHI region buffer population"
"Poland","RUS",18,2011,346.3728170994,"employed people","LIV","NUTS2 Employment rate allocated to BHI region buffer population"
"Poland","RUS",18,2012,340.0289926104,"employed people","LIV","NUTS2 Employment rate allocated to BHI region buffer population"
"Poland","RUS",18,2013,345.7384346505,"employed people","LIV","NUTS2 Employment rate allocated to BHI region buffer population"
"Poland","RUS",18,2014,352.7166415884,"employed people","LIV","NUTS2 Employment rate allocated to BHI region buffer population"
"Sweden","FIN",41,2000,182.3865724563,"employed people","LIV","NUTS2 Employment rate allocated to BHI region buffer population"
"Sweden","FIN",41,2001,190.153401533,"employed people","LIV","NUTS2 Employment rate allocated to BHI region buffer population"
"Sweden","FIN",41,2002,185.0647893793,"employed people","LIV","NUTS2 Employment rate allocated to BHI region buffer population"
"Sweden","FIN",41,2003,183.4578592255,"employed people","LIV","NUTS2 Employment rate allocated to BHI region buffer population"
"Sweden","FIN",41,2004,183.7256809178,"employed people","LIV","NUTS2 Employment rate allocated to BHI region buffer population"
"Sweden","FIN",41,2005,189.6177581484,"employed people","LIV","NUTS2 Employment rate allocated to BHI region buffer population"
"Sweden","FIN",41,2006,192.831618456,"employed people","LIV","NUTS2 Employment rate allocated to BHI region buffer population"
"Sweden","FIN",41,2007,197.3845872251,"employed people","LIV","NUTS2 Employment rate allocated to BHI region buffer population"
"Sweden","FIN",41,2008,193.0994401483,"employed people","LIV","NUTS2 Employment rate allocated to BHI region buffer population"
"Sweden","FIN",41,2009,187.7430063023,"employed people","LIV","NUTS2 Employment rate allocated to BHI region buffer population"
"Sweden","FIN",41,2010,185.3326110716,"employed people","LIV","NUTS2 Employment rate allocated to BHI region buffer population"
"Sweden","FIN",41,2011,193.9029052252,"employed people","LIV","NUTS2 Employment rate allocated to BHI region buffer population"
"Sweden","FIN",41,2012,193.0994401483,"employed people","LIV","NUTS2 Employment rate allocated to BHI region buffer population"
"Sweden","FIN",41,2013,196.8489438405,"employed people","LIV","NUTS2 Employment rate allocated to BHI region buffer population"
"Sweden","FIN",41,2014,198.9915173789,"employed people","LIV","NUTS2 Employment rate allocated to BHI region buffer population"
"Sweden","SWE",1,2000,437489.18643644,"employed people","LIV","NUTS2 Employment rate allocated to BHI region buffer population"
"Sweden","SWE",1,2001,453582.137413275,"employed people","LIV","NUTS2 Employment rate allocated to BHI region buffer population"
"Sweden","SWE",1,2002,456333.091404174,"employed people","LIV","NUTS2 Employment rate allocated to BHI region buffer population"
"Sweden","SWE",1,2003,455559.401827974,"employed people","LIV","NUTS2 Employment rate allocated to BHI region buffer population"
"Sweden","SWE",1,2004,450152.130941445,"employed people","LIV","NUTS2 Employment rate allocated to BHI region buffer population"
"Sweden","SWE",1,2005,441190.010233924,"employed people","LIV","NUTS2 Employment rate allocated to BHI region buffer population"
"Sweden","SWE",1,2006,448127.547979111,"employed people","LIV","NUTS2 Employment rate allocated to BHI region buffer population"
"Sweden","SWE",1,2007,451389.930367426,"employed people","LIV","NUTS2 Employment rate allocated to BHI region buffer population"
"Sweden","SWE",1,2008,450736.546327106,"employed people","LIV","NUTS2 Employment rate allocated to BHI region buffer population"
"Sweden","SWE",1,2009,434213.710087972,"employed people","LIV","NUTS2 Employment rate allocated to BHI region buffer population"
"Sweden","SWE",1,2010,437794.228349575,"employed people","LIV","NUTS2 Employment rate allocated to BHI region buffer population"
"Sweden","SWE",1,2011,448247.853514992,"employed people","LIV","NUTS2 Employment rate allocated to BHI region buffer population"
"Sweden","SWE",1,2012,450336.867318701,"employed people","LIV","NUTS2 Employment rate allocated to BHI region buffer population"
"Sweden","SWE",1,2013,451884.2464711,"employed people","LIV","NUTS2 Employment rate allocated to BHI region buffer population"
"Sweden","SWE",1,2014,457936.345251078,"employed people","LIV","NUTS2 Employment rate allocated to BHI region buffer population"
"Sweden","SWE",5,2000,269702.758771078,"employed people","LIV","NUTS2 Employment rate allocated to BHI region buffer population"
"Sweden","SWE",5,2001,282376.016158265,"employed people","LIV","NUTS2 Employment rate allocated to BHI region buffer population"
"Sweden","SWE",5,2002,282376.016158265,"employed people","LIV","NUTS2 Employment rate allocated to BHI region buffer population"
"Sweden","SWE",5,2003,280791.858984866,"employed people","LIV","NUTS2 Employment rate allocated to BHI region buffer population"
"Sweden","SWE",5,2004,273663.151704574,"employed people","LIV","NUTS2 Employment rate allocated to BHI region buffer population"
"Sweden","SWE",5,2005,276435.426758021,"employed people","LIV","NUTS2 Employment rate allocated to BHI region buffer population"
"Sweden","SWE",5,2006,278811.662518118,"employed people","LIV","NUTS2 Employment rate allocated to BHI region buffer population"
"Sweden","SWE",5,2007,286336.409091761,"employed people","LIV","NUTS2 Employment rate allocated to BHI region buffer population"
"Sweden","SWE",5,2008,289504.723438558,"employed people","LIV","NUTS2 Employment rate allocated to BHI region buffer population"
"Sweden","SWE",5,2009,281583.937571566,"employed people","LIV","NUTS2 Employment rate allocated to BHI region buffer population"
"Sweden","SWE",5,2010,283564.134038314,"employed people","LIV","NUTS2 Employment rate allocated to BHI region buffer population"
"Sweden","SWE",5,2011,283564.134038314,"employed people","LIV","NUTS2 Employment rate allocated to BHI region buffer population"
"Sweden","SWE",5,2012,282772.055451614,"employed people","LIV","NUTS2 Employment rate allocated to BHI region buffer population"
"Sweden","SWE",5,2013,285940.369798411,"employed people","LIV","NUTS2 Employment rate allocated to BHI region buffer population"
"Sweden","SWE",5,2014,285940.369798411,"employed people","LIV","NUTS2 Employment rate allocated to BHI region buffer population"
"Sweden","SWE",11,2000,143680.623678523,"employed people","LIV","NUTS2 Employment rate allocated to BHI region buffer population"
"Sweden","SWE",11,2001,150432.136098072,"employed people","LIV","NUTS2 Employment rate allocated to BHI region buffer population"
"Sweden","SWE",11,2002,150432.136098072,"employed people","LIV","NUTS2 Employment rate allocated to BHI region buffer population"
"Sweden","SWE",11,2003,149588.197045628,"employed people","LIV","NUTS2 Employment rate allocated to BHI region buffer population"
"Sweden","SWE",11,2004,145790.471309632,"employed people","LIV","NUTS2 Employment rate allocated to BHI region buffer population"
"Sweden","SWE",11,2005,147267.364651408,"employed people","LIV","NUTS2 Employment rate allocated to BHI region buffer population"
"Sweden","SWE",11,2006,148533.273230074,"employed people","LIV","NUTS2 Employment rate allocated to BHI region buffer population"
"Sweden","SWE",11,2007,152541.983729181,"employed people","LIV","NUTS2 Employment rate allocated to BHI region buffer population"
"Sweden","SWE",11,2008,154229.861834068,"employed people","LIV","NUTS2 Employment rate allocated to BHI region buffer population"
"Sweden","SWE",11,2009,150010.16657185,"employed people","LIV","NUTS2 Employment rate allocated to BHI region buffer population"
"Sweden","SWE",11,2010,151065.090387404,"employed people","LIV","NUTS2 Employment rate allocated to BHI region buffer population"
"Sweden","SWE",11,2011,151065.090387404,"employed people","LIV","NUTS2 Employment rate allocated to BHI region buffer population"
"Sweden","SWE",11,2012,150643.120861183,"employed people","LIV","NUTS2 Employment rate allocated to BHI region buffer population"
"Sweden","SWE",11,2013,152330.99896607,"employed people","LIV","NUTS2 Employment rate allocated to BHI region buffer population"
"Sweden","SWE",11,2014,152330.99896607,"employed people","LIV","NUTS2 Employment rate allocated to BHI region buffer population"
"Sweden","SWE",14,2000,150756.020937854,"employed people","LIV","NUTS2 Employment rate allocated to BHI region buffer population"
"Sweden","SWE",14,2001,157834.052973142,"employed people","LIV","NUTS2 Employment rate allocated to BHI region buffer population"
"Sweden","SWE",14,2002,157831.78373799,"employed people","LIV","NUTS2 Employment rate allocated to BHI region buffer population"
"Sweden","SWE",14,2003,156949.298968731,"employed people","LIV","NUTS2 Employment rate allocated to BHI region buffer population"
"Sweden","SWE",14,2004,152971.026147215,"employed people","LIV","NUTS2 Employment rate allocated to BHI region buffer population"
"Sweden","SWE",14,2005,154519.203827737,"employed people","LIV","NUTS2 Employment rate allocated to BHI region buffer population"
"Sweden","SWE",14,2006,155848.887723899,"employed people","LIV","NUTS2 Employment rate allocated to BHI region buffer population"
"Sweden","SWE",14,2007,160049.62549129,"employed people","LIV","NUTS2 Employment rate allocated to BHI region buffer population"
"Sweden","SWE",14,2008,161816.86426496,"employed people","LIV","NUTS2 Employment rate allocated to BHI region buffer population"
"Sweden","SWE",14,2009,157378.344214421,"employed people","LIV","NUTS2 Employment rate allocated to BHI region buffer population"
"Sweden","SWE",14,2010,158477.053532888,"employed people","LIV","NUTS2 Employment rate allocated to BHI region buffer population"
"Sweden","SWE",14,2011,158489.534326222,"employed people","LIV","NUTS2 Employment rate allocated to BHI region buffer population"
"Sweden","SWE",14,2012,158049.142904774,"employed people","LIV","NUTS2 Employment rate allocated to BHI region buffer population"
"Sweden","SWE",14,2013,159817.51629602,"employed people","LIV","NUTS2 Employment rate allocated to BHI region buffer population"
"Sweden","SWE",14,2014,159822.054766324,"employed people","LIV","NUTS2 Employment rate allocated to BHI region buffer population"
"Sweden","SWE",20,2000,7538.174198464,"employed people","LIV","NUTS2 Employment rate allocated to BHI region buffer population"
"Sweden","SWE",20,2001,7784.654008768,"employed people","LIV","NUTS2 Employment rate allocated to BHI region buffer population"
"Sweden","SWE",20,2002,7743.574040384,"employed people","LIV","NUTS2 Employment rate allocated to BHI region buffer population"
"Sweden","SWE",20,2003,7753.84403248,"employed people","LIV","NUTS2 Employment rate allocated to BHI region buffer population"
"Sweden","SWE",20,2004,7671.684095712,"employed people","LIV","NUTS2 Employment rate allocated to BHI region buffer population"
"Sweden","SWE",20,2005,7723.034056192,"employed people","LIV","NUTS2 Employment rate allocated to BHI region buffer population"
"Sweden","SWE",20,2006,7815.463985056,"employed people","LIV","NUTS2 Employment rate allocated to BHI region buffer population"
"Sweden","SWE",20,2007,7928.433898112,"employed people","LIV","NUTS2 Employment rate allocated to BHI region buffer population"
"Sweden","SWE",20,2008,7948.973882304,"employed people","LIV","NUTS2 Employment rate allocated to BHI region buffer population"
"Sweden","SWE",20,2009,7527.904206368,"employed people","LIV","NUTS2 Employment rate allocated to BHI region buffer population"
"Sweden","SWE",20,2010,7435.474277504,"employed people","LIV","NUTS2 Employment rate allocated to BHI region buffer population"
"Sweden","SWE",20,2011,7661.414103616,"employed people","LIV","NUTS2 Employment rate allocated to BHI region buffer population"
"Sweden","SWE",20,2012,7681.954087808,"employed people","LIV","NUTS2 Employment rate allocated to BHI region buffer population"
"Sweden","SWE",20,2013,7723.034056192,"employed people","LIV","NUTS2 Employment rate allocated to BHI region buffer population"
"Sweden","SWE",20,2014,7805.19399296,"employed people","LIV","NUTS2 Employment rate allocated to BHI region buffer population"
"Sweden","SWE",26,2000,132167.424923856,"employed people","LIV","NUTS2 Employment rate allocated to BHI region buffer population"
"Sweden","SWE",26,2001,136046.966453059,"employed people","LIV","NUTS2 Employment rate allocated to BHI region buffer population"
"Sweden","SWE",26,2002,135365.272497965,"employed people","LIV","NUTS2 Employment rate allocated to BHI region buffer population"
"Sweden","SWE",26,2003,135385.813741191,"employed people","LIV","NUTS2 Employment rate allocated to BHI region buffer population"
"Sweden","SWE",26,2004,133499.692132766,"employed people","LIV","NUTS2 Employment rate allocated to BHI region buffer population"
"Sweden","SWE",26,2005,134406.077787439,"employed people","LIV","NUTS2 Employment rate allocated to BHI region buffer population"
"Sweden","SWE",26,2006,135758.450562511,"employed people","LIV","NUTS2 Employment rate allocated to BHI region buffer population"
"Sweden","SWE",26,2007,137637.762161102,"employed people","LIV","NUTS2 Employment rate allocated to BHI region buffer population"
"Sweden","SWE",26,2008,138082.584717836,"employed people","LIV","NUTS2 Employment rate allocated to BHI region buffer population"
"Sweden","SWE",26,2009,131618.438377792,"employed people","LIV","NUTS2 Employment rate allocated to BHI region buffer population"
"Sweden","SWE",26,2010,130078.638235256,"employed people","LIV","NUTS2 Employment rate allocated to BHI region buffer population"
"Sweden","SWE",26,2011,133690.902749936,"employed people","LIV","NUTS2 Employment rate allocated to BHI region buffer population"
"Sweden","SWE",26,2012,134088.966120247,"employed people","LIV","NUTS2 Employment rate allocated to BHI region buffer population"
"Sweden","SWE",26,2013,134815.898980955,"employed people","LIV","NUTS2 Employment rate allocated to BHI region buffer population"
"Sweden","SWE",26,2014,136335.91802067,"employed people","LIV","NUTS2 Employment rate allocated to BHI region buffer population"
"Sweden","SWE",29,2000,1408002.07975203,"employed people","LIV","NUTS2 Employment rate allocated to BHI region buffer population"
"Sweden","SWE",29,2001,1433169.56721867,"employed people","LIV","NUTS2 Employment rate allocated to BHI region buffer population"
"Sweden","SWE",29,2002,1419371.95714448,"employed people","LIV","NUTS2 Employment rate allocated to BHI region buffer population"
"Sweden","SWE",29,2003,1405574.34707029,"employed people","LIV","NUTS2 Employment rate allocated to BHI region buffer population"
"Sweden","SWE",29,2004,1384351.17561495,"employed people","LIV","NUTS2 Employment rate allocated to BHI region buffer population"
"Sweden","SWE",29,2005,1360088.84072821,"employed people","LIV","NUTS2 Employment rate allocated to BHI region buffer population"
"Sweden","SWE",29,2006,1367063.32501248,"employed people","LIV","NUTS2 Employment rate allocated to BHI region buffer population"
"Sweden","SWE",29,2007,1376613.90208669,"employed people","LIV","NUTS2 Employment rate allocated to BHI region buffer population"
"Sweden","SWE",29,2008,1393898.75430302,"employed people","LIV","NUTS2 Employment rate allocated to BHI region buffer population"
"Sweden","SWE",29,2009,1374646.24166025,"employed people","LIV","NUTS2 Employment rate allocated to BHI region buffer population"
"Sweden","SWE",29,2010,1365247.02308038,"employed people","LIV","NUTS2 Employment rate allocated to BHI region buffer population"
"Sweden","SWE",29,2011,1385562.04356968,"employed people","LIV","NUTS2 Employment rate allocated to BHI region buffer population"
"Sweden","SWE",29,2012,1387684.0608766,"employed people","LIV","NUTS2 Employment rate allocated to BHI region buffer population"
"Sweden","SWE",29,2013,1401633.02944513,"employed people","LIV","NUTS2 Employment rate allocated to BHI region buffer population"
"Sweden","SWE",29,2014,1403146.61438854,"employed people","LIV","NUTS2 Employment rate allocated to BHI region buffer population"
"Sweden","SWE",35,2000,44150.5001133449,"employed people","LIV","NUTS2 Employment rate allocated to BHI region buffer population"
"Sweden","SWE",35,2001,44938.9349622851,"employed people","LIV","NUTS2 Employment rate allocated to BHI region buffer population"
"Sweden","SWE",35,2002,44509.8575131109,"employed people","LIV","NUTS2 Employment rate allocated to BHI region buffer population"
"Sweden","SWE",35,2003,44080.7800639367,"employed people","LIV","NUTS2 Employment rate allocated to BHI region buffer population"
"Sweden","SWE",35,2004,43408.0510114452,"employed people","LIV","NUTS2 Employment rate allocated to BHI region buffer population"
"Sweden","SWE",35,2005,42662.6361941557,"employed people","LIV","NUTS2 Employment rate allocated to BHI region buffer population"
"Sweden","SWE",35,2006,42879.9563493269,"employed people","LIV","NUTS2 Employment rate allocated to BHI region buffer population"
"Sweden","SWE",35,2007,43182.202279716,"employed people","LIV","NUTS2 Employment rate allocated to BHI region buffer population"
"Sweden","SWE",35,2008,43719.9398064758,"employed people","LIV","NUTS2 Employment rate allocated to BHI region buffer population"
"Sweden","SWE",35,2009,43109.8850845294,"employed people","LIV","NUTS2 Employment rate allocated to BHI region buffer population"
"Sweden","SWE",35,2010,42813.2020153085,"employed people","LIV","NUTS2 Employment rate allocated to BHI region buffer population"
"Sweden","SWE",35,2011,43452.5539007908,"employed people","LIV","NUTS2 Employment rate allocated to BHI region buffer population"
"Sweden","SWE",35,2012,43520.7910925041,"employed people","LIV","NUTS2 Employment rate allocated to BHI region buffer population"
"Sweden","SWE",35,2013,43955.4314028465,"employed people","LIV","NUTS2 Employment rate allocated to BHI region buffer population"
"Sweden","SWE",35,2014,44011.0600145285,"employed people","LIV","NUTS2 Employment rate allocated to BHI region buffer population"
"Sweden","SWE",37,2000,256694.263545875,"employed people","LIV","NUTS2 Employment rate allocated to BHI region buffer population"
"Sweden","SWE",37,2001,260090.360391739,"employed people","LIV","NUTS2 Employment rate allocated to BHI region buffer population"
"Sweden","SWE",37,2002,257773.717151439,"employed people","LIV","NUTS2 Employment rate allocated to BHI region buffer population"
"Sweden","SWE",37,2003,253807.012526309,"employed people","LIV","NUTS2 Employment rate allocated to BHI region buffer population"
"Sweden","SWE",37,2004,251279.994383136,"employed people","LIV","NUTS2 Employment rate allocated to BHI region buffer population"
"Sweden","SWE",37,2005,260877.297432167,"employed people","LIV","NUTS2 Employment rate allocated to BHI region buffer population"
"Sweden","SWE",37,2006,263158.19447064,"employed people","LIV","NUTS2 Employment rate allocated to BHI region buffer population"
"Sweden","SWE",37,2007,270049.675452814,"employed people","LIV","NUTS2 Employment rate allocated to BHI region buffer population"
"Sweden","SWE",37,2008,264681.151485033,"employed people","LIV","NUTS2 Employment rate allocated to BHI region buffer population"
"Sweden","SWE",37,2009,256852.600639824,"employed people","LIV","NUTS2 Employment rate allocated to BHI region buffer population"
"Sweden","SWE",37,2010,256962.782799623,"employed people","LIV","NUTS2 Employment rate allocated to BHI region buffer population"
"Sweden","SWE",37,2011,264031.41982417,"employed people","LIV","NUTS2 Employment rate allocated to BHI region buffer population"
"Sweden","SWE",37,2012,265891.507449719,"employed people","LIV","NUTS2 Employment rate allocated to BHI region buffer population"
"Sweden","SWE",37,2013,269988.46909489,"employed people","LIV","NUTS2 Employment rate allocated to BHI region buffer population"
"Sweden","SWE",37,2014,270704.75950867,"employed people","LIV","NUTS2 Employment rate allocated to BHI region buffer population"
"Sweden","SWE",39,2000,77951.413794912,"employed people","LIV","NUTS2 Employment rate allocated to BHI region buffer population"
"Sweden","SWE",39,2001,81270.93068192,"employed people","LIV","NUTS2 Employment rate allocated to BHI region buffer population"
"Sweden","SWE",39,2002,79096.074790432,"employed people","LIV","NUTS2 Employment rate allocated to BHI region buffer population"
"Sweden","SWE",39,2003,78409.27819312,"employed people","LIV","NUTS2 Employment rate allocated to BHI region buffer population"
"Sweden","SWE",39,2004,78523.744292672,"employed people","LIV","NUTS2 Employment rate allocated to BHI region buffer population"
"Sweden","SWE",39,2005,81041.998482816,"employed people","LIV","NUTS2 Employment rate allocated to BHI region buffer population"
"Sweden","SWE",39,2006,82415.59167744,"employed people","LIV","NUTS2 Employment rate allocated to BHI region buffer population"
"Sweden","SWE",39,2007,84361.515369824,"employed people","LIV","NUTS2 Employment rate allocated to BHI region buffer population"
"Sweden","SWE",39,2008,82530.057776992,"employed people","LIV","NUTS2 Employment rate allocated to BHI region buffer population"
"Sweden","SWE",39,2009,80240.735785952,"employed people","LIV","NUTS2 Employment rate allocated to BHI region buffer population"
"Sweden","SWE",39,2010,79210.540889984,"employed people","LIV","NUTS2 Employment rate allocated to BHI region buffer population"
"Sweden","SWE",39,2011,82873.456075648,"employed people","LIV","NUTS2 Employment rate allocated to BHI region buffer population"
"Sweden","SWE",39,2012,82530.057776992,"employed people","LIV","NUTS2 Employment rate allocated to BHI region buffer population"
"Sweden","SWE",39,2013,84132.58317072,"employed people","LIV","NUTS2 Employment rate allocated to BHI region buffer population"
"Sweden","SWE",39,2014,85048.311967136,"employed people","LIV","NUTS2 Employment rate allocated to BHI region buffer population"
"Sweden","SWE",41,2000,130606.601700448,"employed people","LIV","NUTS2 Employment rate allocated to BHI region buffer population"
"Sweden","SWE",41,2001,136168.409996062,"employed people","LIV","NUTS2 Employment rate allocated to BHI region buffer population"
"Sweden","SWE",41,2002,132524.46662997,"employed people","LIV","NUTS2 Employment rate allocated to BHI region buffer population"
"Sweden","SWE",41,2003,131373.747672257,"employed people","LIV","NUTS2 Employment rate allocated to BHI region buffer population"
"Sweden","SWE",41,2004,131565.534165209,"employed people","LIV","NUTS2 Employment rate allocated to BHI region buffer population"
"Sweden","SWE",41,2005,135784.837010158,"employed people","LIV","NUTS2 Employment rate allocated to BHI region buffer population"
"Sweden","SWE",41,2006,138086.274925584,"employed people","LIV","NUTS2 Employment rate allocated to BHI region buffer population"
"Sweden","SWE",41,2007,141346.645305771,"employed people","LIV","NUTS2 Employment rate allocated to BHI region buffer population"
"Sweden","SWE",41,2008,138278.061418536,"employed people","LIV","NUTS2 Employment rate allocated to BHI region buffer population"
"Sweden","SWE",41,2009,134442.331559492,"employed people","LIV","NUTS2 Employment rate allocated to BHI region buffer population"
"Sweden","SWE",41,2010,132716.253122922,"employed people","LIV","NUTS2 Employment rate allocated to BHI region buffer population"
"Sweden","SWE",41,2011,138853.420897393,"employed people","LIV","NUTS2 Employment rate allocated to BHI region buffer population"
"Sweden","SWE",41,2012,138278.061418536,"employed people","LIV","NUTS2 Employment rate allocated to BHI region buffer population"
"Sweden","SWE",41,2013,140963.072319867,"employed people","LIV","NUTS2 Employment rate allocated to BHI region buffer population"
"Sweden","SWE",41,2014,142497.364263485,"employed people","LIV","NUTS2 Employment rate allocated to BHI region buffer population"
